Nome;Data;P - Total (W);P - Fase A (W);P - Fase B (W);P - Fase C (W)
MedSPLAB;30/06/2023, 14:00:00;5715,239612188366;1365,1257063711912;2706,1334349030467;1640,3475069252077
MedSPLAB;30/06/2023, 15:00:00;5576,962586111112;1768,643486111111;2237,859425;1573,1907805555556
MedSPLAB;30/06/2023, 16:00:00;4963,545758333334;986,3734805555555;2526,2552944444446;1444,6564361111111
MedSPLAB;30/06/2023, 17:00:00;2883,7682694444443;33,66706388888889;1892,7836750000001;945,2739805555556
MedSPLAB;30/06/2023, 18:00:00;2108,743375;91,51945;1255,2509861111112;752,8908166666666
MedSPLAB;30/06/2023, 19:00:00;2040,1284745762712;50,22674353987218;1255,2583801055848;725,6366629619339
MedSPLAB;30/06/2023, 20:00:00;2035,5438944444445;92,99084722222221;1252,4245416666665;682,135175
MedSPLAB;30/06/2023, 21:00:00;2067,808022222222;79,36014999999999;1251,1280222222222;728,450325
MedSPLAB;30/06/2023, 22:00:00;1981,7883852140076;49,611025569760976;1253,1753279599777;670,904947192885
MedSPLAB;30/06/2023, 23:00:00;2034,2616166666667;57,299825;1254,3315444444445;713,7458472222222
MedSPLAB;01/07/2023, 0:00:00;1995,3914;88,87234444444445;1249,8022055555555;649,2379277777778
MedSPLAB;01/07/2023, 1:00:00;1945,882675;28,497869444444444;1243,1723416666666;665,4551166666666
MedSPLAB;01/07/2023, 2:00:00;2042,5256543484302;120,4365434843012;1240,7968880244512;673,908385662684
MedSPLAB;01/07/2023, 3:00:00;1937,6204484304933;67,138716367713;1238,8458884529148;624,6093862107623
MedSPLAB;01/07/2023, 4:00:00;1931,487675;28,25312777777778;1232,66725;662,1751305555555
MedSPLAB;01/07/2023, 5:00:00;1958,152313888889;91,87680833333333;1230,9763888888888;628,1851000000001
MedSPLAB;01/07/2023, 6:00:00;1955,0471416666667;51,737941666666664;1218,4142333333334;676,5554777777777
MedSPLAB;01/07/2023, 7:00:00;1807,7492444444445;50,630430555555556;1078,002563888889;670,0096777777777
MedSPLAB;01/07/2023, 8:00:00;1705,6488666666667;80,8137111111111;908,975811111111;707,2904472222222
MedSPLAB;01/07/2023, 9:00:00;1736,9882805555558;92,95505833333334;908,6363166666667;726,8560277777779
MedSPLAB;01/07/2023, 10:00:00;1802,838327777778;52,938586111111114;904,9391527777778;834,3196138888889
MedSPLAB;01/07/2023, 11:00:00;1848,0470555555557;90,14642777777779;907,5024277777778;840,1163305555556
MedSPLAB;01/07/2023, 12:00:00;1780,178386111111;64,17009166666666;909,6068083333332;796,4430472222222
MedSPLAB;01/07/2023, 13:00:00;1884,3148277777777;33,14790833333333;903,1347194444445;935,8014111111112
MedSPLAB;01/07/2023, 14:00:00;1923,9359444444447;118,03655833333333;909,3461555555556;886,0653194444445
MedSPLAB;01/07/2023, 15:00:00;1949,4285833333333;85,784925;970,8094722222221;882,0726388888888
MedSPLAB;01/07/2023, 16:00:00;2030,152938888889;29,874674999999996;1168,7006444444446;821,2711083333334
MedSPLAB;01/07/2023, 17:00:00;2201,3732444444445;122,24555833333334;1225,0073222222222;844,854175
MedSPLAB;01/07/2023, 18:00:00;2086,5166;29,150191666666668;1243,9794472222222;803,0608944444443
MedSPLAB;01/07/2023, 19:00:00;2119,149188888889;50,685138888888886;1244,735238888889;813,5592111111112
MedSPLAB;01/07/2023, 20:00:00;2129,3141694444444;99,81280000000001;1245,7457305555556;774,6092305555555
MedSPLAB;01/07/2023, 21:00:00;2069,712327777778;74,69686388888888;1244,0783416666668;742,2176138888889
MedSPLAB;01/07/2023, 22:00:00;2085,1549194444447;54,11479722222223;1250,6017555555557;770,8265388888889
MedSPLAB;01/07/2023, 23:00:00;2091,8870944444443;95,96980833333333;1255,9798527777778;731,3575361111111
MedSPLAB;02/07/2023, 0:00:00;2028,0391773207336;50,23602279043913;1244,2614118954975;723,8858588104503
MedSPLAB;02/07/2023, 1:00:00;2013,1660833333335;42,25073611111111;1244,2925972222222;717,9300999999999
MedSPLAB;02/07/2023, 2:00:00;2073,885347222222;106,47255277777778;1242,9652416666668;716,3558333333333
MedSPLAB;02/07/2023, 3:00:00;2052,7550042099356;71,67355599214146;1242,2696379455517;729,9607493685097
MedSPLAB;02/07/2023, 4:00:00;1981,4351000000001;53,79741666666667;1242,2115999999999;677,1035111111111
MedSPLAB;02/07/2023, 5:00:00;2042,682225;96,81405;1238,5244444444445;699,5345527777778
MedSPLAB;02/07/2023, 6:00:00;1903,5371944444444;29,491869444444447;1157,1279083333334;707,6868277777778
MedSPLAB;02/07/2023, 7:00:00;1846,5058944444443;83,8934861111111;909,8836499999999;842,0365999999999
MedSPLAB;02/07/2023, 8:00:00;1856,405397222222;71,04200555555556;907,9779722222221;866,5693694444444
MedSPLAB;02/07/2023, 9:00:00;1819,9279805555557;50,68710555555556;912,9194527777779;845,1510277777778
MedSPLAB;02/07/2023, 10:00:00;1911,5256111111112;121,66765833333332;913,2959694444445;866,1317305555556
MedSPLAB;02/07/2023, 11:00:00;1910,1688996943597;63,14397332592387;914,1568602389552;921,011144762434
MedSPLAB;02/07/2023, 12:00:00;1852,652688888889;54,15440555555555;913,4336083333334;873,9395000000001
MedSPLAB;02/07/2023, 13:00:00;1941,6363611111112;86,27533333333334;907,9217333333333;935,9062444444444
MedSPLAB;02/07/2023, 14:00:00;1943,0191416666667;76,14464166666666;913,1379166666667;942,2997027777777
MedSPLAB;02/07/2023, 15:00:00;1908,2217138888889;61,82373055555556;911,9969444444445;923,3339166666667
MedSPLAB;02/07/2023, 16:00:00;2128,735416666667;114,11178333333334;1073,8814388888889;930,0500638888889
MedSPLAB;02/07/2023, 17:00:00;2164,6360305555554;63,032130555555554;1242,4829916666665;848,6269111111111
MedSPLAB;02/07/2023, 18:00:00;2134,773775;29,491594444444445;1253,4030972222224;841,0388888888889
MedSPLAB;02/07/2023, 19:00:00;2232,4826805555554;125,478125;1254,4288277777778;842,8320444444444
MedSPLAB;02/07/2023, 20:00:00;2080,942627777778;30,19205277777778;1250,170425;790,4716666666667
MedSPLAB;02/07/2023, 21:00:00;2153,8323472222223;98,43603333333333;1252,7616277777777;793,1226999999999
MedSPLAB;02/07/2023, 22:00:00;2165,8557972222225;103,82917777777777;1259,9926027777778;792,9910527777778
MedSPLAB;02/07/2023, 23:00:00;2040,1445083333335;29,274766666666668;1259,981486111111;741,3748527777777
MedSPLAB;03/07/2023, 0:00:00;2063,8148513475967;50,163203667685465;1247,1827090858574;757,0598888580162
MedSPLAB;03/07/2023, 1:00:00;2098,479388888889;101,14344722222222;1243,0959222222223;745,7547944444444
MedSPLAB;03/07/2023, 2:00:00;2011,5571555555555;49,239069444444446;1241,1747722222221;711,6634361111112
MedSPLAB;03/07/2023, 3:00:00;2024,9877812148482;83,18947975253094;1246,6976771653542;686,9199550056244
MedSPLAB;03/07/2023, 4:00:00;2077,0599305555556;113,12149722222223;1245,6582777777778;710,1734555555555
MedSPLAB;03/07/2023, 5:00:00;1964,6510722222224;28,41276388888889;1240,4742027777777;687,4116833333334
MedSPLAB;03/07/2023, 6:00:00;1835,6039388888887;54,099375;1089,0022111111111;684,0104888888889
MedSPLAB;03/07/2023, 7:00:00;2991,078636111111;321,9715277777778;1146,6469472222223;1506,2754888888887
MedSPLAB;03/07/2023, 8:00:00;4118,821588888889;504,93690000000004;1493,3179055555556;2098,9666027777776
MedSPLAB;03/07/2023, 9:00:00;9493,252366666666;3318,0109805555553;2098,906147222222;4064,9385749999997
MedSPLAB;03/07/2023, 10:00:00;9478,59351208669;2706,140539038622;2385,9711058627395;4362,539319255348
MedSPLAB;03/07/2023, 11:00:00;6848,7760638888885;2079,6911166666664;1861,1322583333333;2896,081405555555
MedSPLAB;03/07/2023, 12:00:00;4948,191866666666;2245,73205;1314,0413055555557;1399,1210472222222
MedSPLAB;03/07/2023, 13:00:00;4474,294688888888;1894,4603805555553;1303,97105;1282,7701638888889
MedSPLAB;03/07/2023, 14:00:00;7033,816446235065;2755,63938316199;1763,425876632398;2516,3573270352877
MedSPLAB;03/07/2023, 15:00:00;9830,162105555555;2702,325119444444;2773,024325;4331,530380555556
MedSPLAB;03/07/2023, 16:00:00;7569,896061700945;2130,4537882156756;2007,902790439133;3413,0301945525293
MedSPLAB;03/07/2023, 17:00:00;4526,947544444444;1299,6931749999999;1687,697425;1536,0176833333335
MedSPLAB;03/07/2023, 18:00:00;3735,216098916366;977,6949513753821;1534,3948569046956;1219,7606223951095
MedSPLAB;03/07/2023, 19:00:00;2546,105725;29,341758333333335;1462,0452277777779;1040,7183444444445
MedSPLAB;03/07/2023, 20:00:00;2285,2856055555553;92,90379722222224;1354,7805444444443;827,7083638888889
MedSPLAB;03/07/2023, 21:00:00;2053,305366666667;60,18931111111111;1282,2722027777777;702,0611027777778
MedSPLAB;03/07/2023, 22:00:00;2076,6897027777777;49,76138888888889;1287,1532;730,7967333333333
MedSPLAB;03/07/2023, 23:00:00;2159,9858583333335;141,66526944444445;1284,2151361111112;726,0244111111111
MedSPLAB;04/07/2023, 0:00:00;1983,2247443023903;38,75363535297388;1266,70888549194;669,3732990550305
MedSPLAB;04/07/2023, 1:00:00;2016,2155694444446;49,09408055555556;1261,9509194444445;696,6406166666666
MedSPLAB;04/07/2023, 2:00:00;2009,5530036121145;99,11543762156154;1265,2380327868852;638,0115393164768
MedSPLAB;04/07/2023, 3:00:00;1978,8200869809202;49,350934343434346;1266,1267031425366;655,8346857463525
MedSPLAB;04/07/2023, 4:00:00;1980,5730972222223;58,23203055555555;1261,1977305555556;653,1314249999999
MedSPLAB;04/07/2023, 5:00:00;2048,692711111111;135,79930555555555;1257,6072333333334;649,0336444444445
MedSPLAB;04/07/2023, 6:00:00;2260,0459111111113;181,09068055555554;1252,35055;818,6993111111111
MedSPLAB;04/07/2023, 7:00:00;2427,528277777778;108,5993222222222;1126,6602611111111;1178,133775
MedSPLAB;04/07/2023, 8:00:00;8076,3688555555555;2873,5745944444443;2143,02755;3056,140780555555
MedSPLAB;04/07/2023, 9:00:00;10655,260694444445;4090,224563888889;2914,9876972222223;3652,9495944444443
MedSPLAB;04/07/2023, 10:00:00;11450,048444444445;4565,8376055555555;2188,877030555556;4691,312841666667
MedSPLAB;04/07/2023, 11:00:00;9052,485561111112;4309,731472222222;1529,0038833333335;3225,842141666667
MedSPLAB;04/07/2023, 12:00:00;4610,260033342595;1772,6727035287581;1284,1815420950263;1555,7335065295918
MedSPLAB;04/07/2023, 13:00:00;3838,178108333333;1071,9440472222223;1258,362;1501,0268111111109
MedSPLAB;04/07/2023, 14:00:00;6221,650838888889;2008,9238027777776;1304,5360805555558;2895,0549694444444
MedSPLAB;04/07/2023, 15:00:00;7385,628991666666;2726,0313333333334;1336,4015777777777;3313,9798194444443
MedSPLAB;04/07/2023, 16:00:00;4735,1577;1071,5616083333334;1523,9606055555555;2125,119008333333
MedSPLAB;04/07/2023, 17:00:00;4218,643425;1387,1414333333335;1620,4181305555555;1213,6243444444447
MedSPLAB;04/07/2023, 18:00:00;3976,2540744858256;1166,6915619788772;1635,4711895497499;1173,330344635909
MedSPLAB;04/07/2023, 19:00:00;3774,5585177975527;1012,3734204671858;1662,8394410456062;1098,0648804226919
MedSPLAB;04/07/2023, 20:00:00;3410,439897193665;793,5630147263129;1742,180766879689;873,8372575715476
MedSPLAB;04/07/2023, 21:00:00;2390,9592497916087;295,64251458738534;1378,205687691025;711,697179772159
MedSPLAB;04/07/2023, 22:00:00;2001,566640733537;72,24899694359544;1266,1010919699918;655,4501417060295
MedSPLAB;04/07/2023, 23:00:00;2027,503311111111;33,44928888888889;1266,6906027777777;718,2294277777778
MedSPLAB;05/07/2023, 0:00:00;2028,124178938594;116,70561822728536;1254,0083217560434;650,2703834398445
MedSPLAB;05/07/2023, 1:00:00;1938,463972222222;28,078266666666664;1252,7268166666668;649,4795638888888
MedSPLAB;05/07/2023, 2:00:00;1955,9312058905252;47,87871353153653;1254,1122672964714;645,9427146429564
MedSPLAB;05/07/2023, 3:00:00;2015,3850322761718;136,46715127701376;1253,7436093179906;618,7979792309852
MedSPLAB;05/07/2023, 4:00:00;1938,9387888888891;59,97576944444444;1253,2959194444445;618,3036305555555
MedSPLAB;05/07/2023, 5:00:00;1930,6327527777778;31,4205;1248,5767972222222;642,9207888888889
MedSPLAB;05/07/2023, 6:00:00;2445,0430666666666;274,85828333333336;1360,6476111111112;802,3749333333334
MedSPLAB;05/07/2023, 7:00:00;2536,4489333333336;114,82573055555555;1122,5970138888888;1282,8939694444446
MedSPLAB;05/07/2023, 8:00:00;5241,662488888889;820,6590194444445;1751,6307805555557;2643,9585916666665
MedSPLAB;05/07/2023, 9:00:00;7285,120547222222;1768,9329861111112;2219,1975194444444;3275,8436500000003
MedSPLAB;05/07/2023, 10:00:00;5305,1688722222225;1423,908175;1889,0612444444444;1984,2375194444446
MedSPLAB;05/07/2023, 11:00:00;3558,9007861111113;500,16356666666667;1592,8195055555555;1452,2531722222222
MedSPLAB;05/07/2023, 12:00:00;3090,92755;390,0276694444444;1384,7836750000001;1304,1444916666667
MedSPLAB;05/07/2023, 13:00:00;3586,8212805555554;272,28397777777775;1985,1980333333333;1315,463397222222
MedSPLAB;05/07/2023, 14:00:00;4569,09735;786,5624527777778;2183,738802777778;1587,8507194444444
MedSPLAB;05/07/2023, 15:00:00;4135,0956166666665;1385,632775;1313,6499333333334;1434,4675694444445
MedSPLAB;05/07/2023, 16:00:00;4970,759944444445;2063,5392694444445;1598,6620138888889;1318,6094583333334
MedSPLAB;05/07/2023, 17:00:00;3269,9684194444444;825,8382222222223;1426,9823166666665;1014,7042388888889
MedSPLAB;05/07/2023, 18:00:00;2201,9565073631566;143,47303139761044;1268,7899916643512;781,7524423450959
MedSPLAB;05/07/2023, 19:00:00;2147,115097222222;135,7214972222222;1269,2863583333335;734,1097499999998
MedSPLAB;05/07/2023, 20:00:00;2169,6607337409673;153,95380489160647;1264,784552529183;743,0522568093385
MedSPLAB;05/07/2023, 21:00:00;2087,442056126702;107,1949013614893;1267,5104723534314;704,7303639899973
MedSPLAB;05/07/2023, 22:00:00;2040,5622416666665;102,804475;1279,4733333333334;650,99255
MedSPLAB;05/07/2023, 23:00:00;2146,734425;142,6726;1282,8134;713,6012
MedSPLAB;06/07/2023, 0:00:00;2088,8963555555556;124,71049722222223;1269,0847555555556;687,5959944444445
MedSPLAB;06/07/2023, 1:00:00;2055,9488944444447;134,2546027777778;1261,4538916666666;653,8656777777778
MedSPLAB;06/07/2023, 2:00:00;2058,3750472222223;151,52903333333333;1263,5511944444445;636,6979277777777
MedSPLAB;06/07/2023, 3:00:00;2023,864055571148;113,82895312938535;1261,2351613808587;641,8365310131911
MedSPLAB;06/07/2023, 4:00:00;1975,3538472222222;87,40027777777777;1257,5176944444445;623,3587805555555
MedSPLAB;06/07/2023, 5:00:00;2071,088402777778;173,94843333333333;1256,1769694444445;634,8325277777777
MedSPLAB;06/07/2023, 6:00:00;2601,884163888889;379,7976444444445;1377,1034805555557;838,6884333333333
MedSPLAB;06/07/2023, 7:00:00;2681,0100777993885;192,9622006112809;1423,3856988052237;1052,9517782717421
MedSPLAB;06/07/2023, 8:00:00;4609,578186111111;707,9187083333334;1749,0754305555556;2132,9760166666665
MedSPLAB;06/07/2023, 9:00:00;5795,688008333333;1931,4505305555556;1776,5884916666666;2084,8379055555556
MedSPLAB;06/07/2023, 10:00:00;7623,018308333333;1621,7313555555556;2505,182911111111;3470,416783333333
MedSPLAB;06/07/2023, 11:00:00;3916,97655;612,7414333333334;1869,23975;1423,8630833333332
MedSPLAB;06/07/2023, 12:00:00;2976,065586111111;385,5760055555556;1451,3215277777779;1129,0936333333334
MedSPLAB;06/07/2023, 13:00:00;2814,345608333333;350,7037305555555;1348,1274333333333;1104,930661111111
MedSPLAB;06/07/2023, 14:00:00;3906,402784106697;1219,9864740205614;1378,5768102250627;1306,6215143095305
MedSPLAB;06/07/2023, 15:00:00;7203,480113888889;1415,9301777777778;2185,428522222222;3572,544552777778
MedSPLAB;06/07/2023, 16:00:00;7139,930425118088;1458,1883134203947;1983,6415143095305;3667,8485912753545
MedSPLAB;06/07/2023, 17:00:00;4454,313897222222;731,2650527777778;1756,183502777778;1949,784447222222
MedSPLAB;06/07/2023, 18:00:00;2308,870536111111;167,65619444444445;1332,6799416666668;799,709225
MedSPLAB;06/07/2023, 19:00:00;2111,788413888889;115,04018888888889;1285,4323361111112;703,2856555555555
MedSPLAB;06/07/2023, 20:00:00;2022,9032054489853;37,58984153461218;1284,3172449263275;692,146763969975
MedSPLAB;06/07/2023, 21:00:00;2090,4272416666668;50,103847222222214;1277,9989833333334;753,4982861111112
MedSPLAB;06/07/2023, 22:00:00;2057,313461111111;99,00951111111111;1276,4577805555555;674,1914944444444
MedSPLAB;06/07/2023, 23:00:00;2058,4425083333335;84,36604166666666;1277,0051166666667;688,8497083333334
MedSPLAB;07/07/2023, 0:00:00;2064,7101889938854;43,15950528071151;1273,6733407448583;738,234530294608
MedSPLAB;07/07/2023, 1:00:00;2074,734822222222;117,17419444444444;1267,8566138888891;682,2474194444444
MedSPLAB;07/07/2023, 2:00:00;1996,8097360377883;33,3756710197277;1271,8879466518479;682,8743317588218
MedSPLAB;07/07/2023, 3:00:00;1997,7776277372263;28,976889387984276;1274,9720241437394;685,0754519932622
MedSPLAB;07/07/2023, 4:00:00;2121,3095527777778;120,21128888888889;1266,4771888888888;726,5847416666667
MedSPLAB;07/07/2023, 5:00:00;2013,569775;49,76355;1264,8658666666668;690,3865055555556
MedSPLAB;07/07/2023, 6:00:00;2653,443234231731;217,59397888302306;1510,994309530425;915,5323228674632
MedSPLAB;07/07/2023, 7:00:00;2819,8222472222224;164,37432500000003;1564,1393027777779;1079,0119277777778
MedSPLAB;07/07/2023, 8:00:00;4048,0708888888885;407,59776666666664;1976,7738444444444;1646,8235194444444
MedSPLAB;07/07/2023, 9:00:00;6452,618122222223;615,6524555555555;2722,777938888889;3079,8278388888884
MedSPLAB;07/07/2023, 10:00:00;5719,740922734853;933,5320789327404;2368,3317370761533;2397,5625653140632
MedSPLAB;07/07/2023, 11:00:00;5231,303180555556;762,2136166666667;2251,0262083333337;2198,08985
MedSPLAB;07/07/2023, 12:00:00;2835,1722999999997;197,92256388888887;1510,784136111111;1113,5547888888889
MedSPLAB;07/07/2023, 13:00:00;2763,514236111111;192,33578888888889;1451,0610277777778;1107,897088888889
MedSPLAB;07/07/2023, 14:00:00;2154,344736111111;108,21524722222223;1132,1354166666667;903,2252138888889
MedSPLAB;07/07/2023, 15:00:00;1963,7347679911086;51,092778549597114;1149,2585912753543;753,9562572936928
MedSPLAB;07/07/2023, 16:00:00;2400,3380739299614;65,78999444135631;1302,2771873262925;1019,3949193996665
MedSPLAB;07/07/2023, 17:00:00;3106,618122222222;101,19859166666666;1364,8550138888888;1619,7128555555553
MedSPLAB;07/07/2023, 18:00:00;2056,3156333333336;29,275266666666663;1268,024852777778;749,3361583333333
MedSPLAB;07/07/2023, 19:00:00;2147,5177827174216;128,7587357599333;1272,8653737149207;737,4586023895525
MedSPLAB;07/07/2023, 20:00:00;2110,2607444444443;74,88223055555555;1272,9687555555554;753,0241916666666
MedSPLAB;07/07/2023, 21:00:00;2041,3561878299527;29,195126424006666;1272,530661294804;730,2498610725202
MedSPLAB;07/07/2023, 22:00:00;2075,1607944444445;93,879225;1276,3859055555554;696,8387861111111
MedSPLAB;07/07/2023, 23:00:00;2058,3333888888887;59,401888888888884;1279,5468416666665;710,3968416666667
MedSPLAB;08/07/2023, 0:00:00;2053,434559599889;50,14194220616838;1272,0096221172548;722,2099916643512
MedSPLAB;08/07/2023, 1:00:00;2070,952638888889;118,88076944444445;1266,6104138888888;677,8623749999999
MedSPLAB;08/07/2023, 2:00:00;2097,5599666666667;79,63391388888888;1265,291752777778;743,7644666666666
MedSPLAB;08/07/2023, 3:00:00;1982,5453466180186;29,533488633174294;1263,3195453269716;680,9778332865562
MedSPLAB;08/07/2023, 4:00:00;2016,4080333333334;69,72558055555557;1259,7810972222223;678,6899361111111
MedSPLAB;08/07/2023, 5:00:00;2032,9195388888888;80,31264166666666;1256,1830611111109;688,2057972222223
MedSPLAB;08/07/2023, 6:00:00;2002,37705;29,449908333333333;1238,3536027777777;725,2718972222223
MedSPLAB;08/07/2023, 7:00:00;1909,9821444444447;122,1956361111111;1031,4625805555556;747,5732416666666
MedSPLAB;08/07/2023, 8:00:00;1829,4630805555555;81,07246111111111;970,457725;768,25865
MedSPLAB;08/07/2023, 9:00:00;1865,5766879688802;53,63166712975826;935,0243539872187;865,6856904695749
MedSPLAB;08/07/2023, 10:00:00;1930,9162517365935;70,57104195609891;935,0728646846347;914,2537510419561
MedSPLAB;08/07/2023, 11:00:00;1958,6788660366872;84,72433296275709;934,7399805447471;927,7083879933297
MedSPLAB;08/07/2023, 12:00:00;1881,7945805555553;37,55628611111111;1020,0323027777778;813,5827499999999
MedSPLAB;08/07/2023, 13:00:00;1983,6288277777778;101,9395361111111;975,4705694444444;895,4429222222223
MedSPLAB;08/07/2023, 14:00:00;2105,6446040566825;108,64512086690746;1174,5164656849124;812,8537954987497
MedSPLAB;08/07/2023, 15:00:00;1917,5374430239021;31,21137576431351;1071,8602418010005;804,0622401334074
MedSPLAB;08/07/2023, 16:00:00;2104,2588416666667;90,20359722222221;1190,545411111111;813,4776388888889
MedSPLAB;08/07/2023, 17:00:00;2141,5705694444446;68,28122777777779;1257,350641666667;806,0245055555556
MedSPLAB;08/07/2023, 18:00:00;2125,9564656849125;51,44514865240345;1274,0935871075299;790,5502250625175
MedSPLAB;08/07/2023, 19:00:00;2136,3070666666667;96,808675;1276,0903916666666;754,6226083333333
MedSPLAB;08/07/2023, 20:00:00;2135,338246735204;95,40016115587663;1271,6946457349266;759,3593887190887
MedSPLAB;08/07/2023, 21:00:00;2098,0553277777776;41,95599722222222;1269,6231027777778;776,6598388888889
MedSPLAB;08/07/2023, 22:00:00;2106,148402777778;62,71199444444444;1270,4839138888888;763,6678083333333
MedSPLAB;08/07/2023, 23:00:00;2110,163233333333;93,075525;1272,7137194444447;735,4371333333332
MedSPLAB;09/07/2023, 0:00:00;1989,6592827356128;28,93491242702252;1267,3925882680012;684,3599388379206
MedSPLAB;09/07/2023, 1:00:00;2121,501708333333;113,45298333333334;1267,3983750000002;732,3855138888889
MedSPLAB;09/07/2023, 2:00:00;2101,7676805555557;89,42153333333334;1265,233775;739,0626666666667
MedSPLAB;09/07/2023, 3:00:00;2047,6499437886453;51,14357223159079;1262,8662478920744;724,6796149522203
MedSPLAB;09/07/2023, 4:00:00;2035,4235722222222;57,65757222222223;1262,4874000000002;706,6902305555556
MedSPLAB;09/07/2023, 5:00:00;2050,384883333333;73,13134166666667;1263,8013555555556;704,841025
MedSPLAB;09/07/2023, 6:00:00;1992,0092416666666;50,553783333333335;1209,6860972222223;722,7633916666666
MedSPLAB;09/07/2023, 7:00:00;1910,0733194444445;69,47756388888888;1088,9240055555556;742,7027555555555
MedSPLAB;09/07/2023, 8:00:00;1963,6519722222222;133,838725;1074,7509083333334;746,8932444444443
MedSPLAB;09/07/2023, 9:00:00;1805,2844178938594;32,42037788274521;930,6836121144762;830,9850291747708
MedSPLAB;09/07/2023, 10:00:00;1906,788288888889;78,61956388888889;934,8037833333334;882,7860777777778
MedSPLAB;09/07/2023, 11:00:00;1953,9569380383439;83,7759683245346;932,4460794665184;926,7193609335926
MedSPLAB;09/07/2023, 12:00:00;1948,9871194444445;41,36485;932,8035166666667;962,31695
MedSPLAB;09/07/2023, 13:00:00;2006,7289194444443;97,18658333333333;932,5832777777778;965,0690166666667
MedSPLAB;09/07/2023, 14:00:00;2008,5144194444445;112,3333611111111;937,0390027777778;948,0388888888889
MedSPLAB;09/07/2023, 15:00:00;2082,325025;54,09711388888889;1126,9362944444445;889,6717138888889
MedSPLAB;09/07/2023, 16:00:00;2201,5731638888888;56,04683333333333;1227,143052777778;906,9217972222222
MedSPLAB;09/07/2023, 17:00:00;2215,810972222222;105,28742222222222;1269,5130222222222;831,2222777777778
MedSPLAB;09/07/2023, 18:00:00;2129,7477694444447;29,48653333333333;1275,9656861111114;813,6684416666667
MedSPLAB;09/07/2023, 19:00:00;2194,8830527777777;112,22543333333333;1276,0279805555554;797,2153111111112
MedSPLAB;09/07/2023, 20:00:00;2164,1146388888887;93,54675277777778;1270,8287083333332;790,4123666666667
MedSPLAB;09/07/2023, 21:00:00;2108,367275;29,423225;1270,7262555555553;797,9000472222222
MedSPLAB;09/07/2023, 22:00:00;2113,3011722222222;75,49764166666667;1274,3849722222224;753,9929972222222
MedSPLAB;09/07/2023, 23:00:00;2117,8884912475687;83,75771881078079;1278,291731036399;746,991958877466
MedSPLAB;10/07/2023, 0:00:00;2062,4482911919977;52,82031397610447;1260,3410586273965;740,0396082245068
MedSPLAB;10/07/2023, 1:00:00;2063,996638888889;97,18036666666667;1260,9988194444445;697,8198361111112
MedSPLAB;10/07/2023, 2:00:00;2098,0454555555552;104,26644444444445;1265,4675166666668;719,6576083333333
MedSPLAB;10/07/2023, 3:00:00;2046,9011784511783;29,02605218855219;1263,5799494949495;744,7384624017957
MedSPLAB;10/07/2023, 4:00:00;1998,0886273964989;51,77866351764379;1254,8213503751042;683,0594637399279
MedSPLAB;10/07/2023, 5:00:00;2062,972886111111;100,60169166666667;1251,6312055555554;702,5135722222221
MedSPLAB;10/07/2023, 6:00:00;2467,8623972222226;183,73719166666666;1388,7751027777779;885,9312055555555
MedSPLAB;10/07/2023, 7:00:00;2464,359766666667;118,11805277777778;1235,0524666666665;1097,7111388888889
MedSPLAB;10/07/2023, 8:00:00;4249,929527777778;979,0364333333333;1447,5284277777778;1812,1359555555557
MedSPLAB;10/07/2023, 9:00:00;7024,297062256809;2490,5004669260697;1766,553290717065;2762,071559199555
MedSPLAB;10/07/2023, 10:00:00;7674,691616666667;2304,6092222222223;1803,3068833333334;3548,500802777778
MedSPLAB;10/07/2023, 11:00:00;6457,1575555555555;2169,5397805555554;1591,9306222222224;2687,6701194444445
MedSPLAB;10/07/2023, 12:00:00;4193,703266666666;986,3711611111111;1306,4260277777778;1888,7539027777777
MedSPLAB;10/07/2023, 13:00:00;4854,2554361111115;1011,5916583333333;1336,248413888889;2485,8004444444446
MedSPLAB;10/07/2023, 14:00:00;8920,457844444445;2839,4809694444443;2750,298638888889;3322,9161166666668
MedSPLAB;10/07/2023, 15:00:00;11400,362002777778;2960,0565611111115;2316,3844055555555;6080,281988888889
MedSPLAB;10/07/2023, 16:00:00;8993,088460683524;2246,8791553209226;2134,774812447902;4578,93393164768
MedSPLAB;10/07/2023, 17:00:00;7080,477;1458,081286111111;2158,9527222222223;3435,9328472222223
MedSPLAB;10/07/2023, 18:00:00;3689,838858333333;457,94048055555555;1497,0192194444444;1717,5138
MedSPLAB;10/07/2023, 19:00:00;2444,18062239511;94,1303917754932;1231,5592220061128;1104,8124145595998
MedSPLAB;10/07/2023, 20:00:00;2186,051372222222;120,87102777777777;1231,6050138888888;824,080425
MedSPLAB;10/07/2023, 21:00:00;2325,558002777778;34,550983333333335;1231,7134666666668;1045,6355833333334
MedSPLAB;10/07/2023, 22:00:00;2133,5799583333333;88,80797777777777;1233,3910083333333;801,5831138888889
MedSPLAB;10/07/2023, 23:00:00;2355,3013392609055;72,71320366768548;1232,6207585440402;1036,8738871908863
MedSPLAB;11/07/2023, 0:00:00;2061,607288135593;29,900411225340374;1226,9774020561267;794,545407057516
MedSPLAB;11/07/2023, 1:00:00;2092,700325;109,25248611111111;1222,8394416666667;752,0074388888888
MedSPLAB;11/07/2023, 2:00:00;2056,816386111111;97,17791944444444;1216,6013916666666;734,3518027777778
MedSPLAB;11/07/2023, 3:00:00;2026,9052517580872;50,72070323488045;1221,809870604782;744,9873699015471
MedSPLAB;11/07/2023, 4:00:00;2038,278786111111;82,89820555555555;1222,7774555555554;724,0278638888889
MedSPLAB;11/07/2023, 5:00:00;2027,6261850514031;64,1470241733815;1215,0183495415392;739,318110586274
MedSPLAB;11/07/2023, 6:00:00;2370,0671305555557;183,32031944444446;1221,5640166666667;954,4373472222222
MedSPLAB;11/07/2023, 7:00:00;2815,4362416666663;139,15533333333335;1131,8671166666668;1525,399447222222
MedSPLAB;11/07/2023, 8:00:00;6598,515525;1728,8544916666667;1610,537691666667;3237,580522222222
MedSPLAB;11/07/2023, 9:00:00;8251,073947222223;1599,4440833333333;2149,192075;4462,480733333334
MedSPLAB;11/07/2023, 10:00:00;15444,559925000001;4026,1124805555555;4125,347913888889;7247,043183333333
MedSPLAB;11/07/2023, 11:00:00;14397,102177777779;3438,0956277777777;4220,2914083333335;6693,6131138888895
MedSPLAB;11/07/2023, 12:00:00;7733,029608333333;2115,7864;2282,455352777778;3316,8092083333336
MedSPLAB;11/07/2023, 13:00:00;6169,2617361111115;2516,7527861111107;2200,2990777777777;1466,006336111111
MedSPLAB;11/07/2023, 14:00:00;6691,432708333334;2537,9423166666666;2362,3835027777777;1800,0745222222222
MedSPLAB;11/07/2023, 15:00:00;6497,113380555556;1493,868313888889;1977,9989694444444;3004,2707222222225
MedSPLAB;11/07/2023, 16:00:00;5898,028177271464;1093,7975548763545;1728,950172270075;3047,644331758822
MedSPLAB;11/07/2023, 17:00:00;3745,522563888889;878,2277805555555;1724,9470361111112;1138,4872555555555
MedSPLAB;11/07/2023, 18:00:00;3124,3530833333334;644,0870000000001;1643,4386194444446;834,3260111111111
MedSPLAB;11/07/2023, 19:00:00;3204,695136111111;808,0781444444444;1663,1484138888889;735,1894777777778
MedSPLAB;11/07/2023, 20:00:00;2235,318116666667;121,52268055555557;1353,42245;752,0572166666667
MedSPLAB;11/07/2023, 21:00:00;2072,2761055555557;51,38606388888889;1302,9513361111112;709,2169944444444
MedSPLAB;11/07/2023, 22:00:00;2175,1685305555557;159,867225;1316,3681333333334;691,7757666666666
MedSPLAB;11/07/2023, 23:00:00;2073,174825;49,470416666666665;1320,701511111111;694,3995666666666
MedSPLAB;12/07/2023, 0:00:00;1996,025682133926;40,91859683245346;1309,855426507363;637,3197638232842
MedSPLAB;12/07/2023, 1:00:00;2039,255975;107,84550555555556;1307,219975;617,4483277777778
MedSPLAB;12/07/2023, 2:00:00;2021,1508722222222;51,73027777777778;1305,5769083333334;655,8928361111111
MedSPLAB;12/07/2023, 3:00:00;1991,055188096575;32,55402021336328;1304,268503649635;646,1037703537338
MedSPLAB;12/07/2023, 4:00:00;2112,871261111111;168,3214027777778;1301,1388555555554;637,1035555555555
MedSPLAB;12/07/2023, 5:00:00;2005,7107416666665;31,54008333333333;1296,394386111111;669,3243166666667
MedSPLAB;12/07/2023, 6:00:00;2289,2908888888887;208,7507222222222;1402,5623944444442;671,8388611111111
MedSPLAB;12/07/2023, 7:00:00;2592,336947222222;127,33859166666666;1242,5607416666667;1207,6226583333334
MedSPLAB;12/07/2023, 8:00:00;4266,571691666667;671,7598222222222;1516,759797222222;2059,529625
MedSPLAB;12/07/2023, 9:00:00;6894,526502777778;1964,4225527777778;2069,577625;2847,7454555555555
MedSPLAB;12/07/2023, 10:00:00;10296,799244444444;3759,2013972222226;2225,505833333333;4303,090616666667
MedSPLAB;12/07/2023, 11:00:00;9734,343991666668;4940,719502777778;2193,0289722222224;2630,6519027777777
MedSPLAB;12/07/2023, 12:00:00;7561,6495359822175;2774,901453181439;1666,3631036399001;3114,448785773826
MedSPLAB;12/07/2023, 13:00:00;7205,486087802167;2703,1710530702976;2212,150547374271;2294,427874409558
MedSPLAB;12/07/2023, 14:00:00;8129,905615448735;3328,5971130869684;2280,9297777160323;2530,0784717977217
MedSPLAB;12/07/2023, 15:00:00;7745,982583333333;2819,3687250000003;2180,1400444444444;2746,6978055555555
MedSPLAB;12/07/2023, 16:00:00;7304,642720200055;1832,4687885523756;2053,6072520144485;3396,481116976938
MedSPLAB;12/07/2023, 17:00:00;3933,127613888889;405,1915888888889;1558,168036111111;1948,8529999999998
MedSPLAB;12/07/2023, 18:00:00;2274,1573750000002;143,02061944444443;1282,8966416666667;839,1117750000001
MedSPLAB;12/07/2023, 19:00:00;2294,2698472222223;138,20592222222223;1283,972888888889;862,436625
MedSPLAB;12/07/2023, 20:00:00;2239,9573472222223;126,76518333333334;1281,1853305555553;822,4112222222224
MedSPLAB;12/07/2023, 21:00:00;2191,7284444444444;161,7657027777778;1280,5721444444443;741,652061111111
MedSPLAB;12/07/2023, 22:00:00;2160,1876249999996;152,74885277777778;1284,9995416666666;714,5848555555556
MedSPLAB;12/07/2023, 23:00:00;2143,7928833333335;89,0038111111111;1294,3431972222222;751,6391833333333
MedSPLAB;13/07/2023, 0:00:00;2073,639330369547;135,1206640733537;1280,8816115587663;650,8318310641845
MedSPLAB;13/07/2023, 1:00:00;2107,449433333333;141,17491666666666;1279,1958083333334;679,896513888889
MedSPLAB;13/07/2023, 2:00:00;2143,070986111111;131,7957111111111;1276,704936111111;726,6143166666667
MedSPLAB;13/07/2023, 3:00:00;2081,5878220600616;156,0294863878754;1273,976396295257;645,0691860791467
MedSPLAB;13/07/2023, 4:00:00;2024,7365305555554;119,838675;1271,9961444444446;626,0344222222222
MedSPLAB;13/07/2023, 5:00:00;2077,850302861906;111,80690469574883;1271,283628785774;687,3766879688803
MedSPLAB;13/07/2023, 6:00:00;2664,6889249492897;94,46314401622719;1528,8069371196757;1028,8560040567952
MedSPLAB;13/07/2023, 7:00:00;2821,4596343835083;158,14444574095683;1590,3569856087126;1060,9553947880202
MedSPLAB;13/07/2023, 8:00:00;5499,418172222223;789,2489888888889;2704,976113888889;1989,2559999999999
MedSPLAB;13/07/2023, 9:00:00;8082,582252777777;2450,405583333333;3666,9598833333334;1971,8913027777778
MedSPLAB;13/07/2023, 10:00:00;11467,52983611111;3857,2171361111114;3095,331508333333;4504,866116666666
MedSPLAB;13/07/2023, 11:00:00;9938,650077799388;2041,0977854959713;3140,8040455682135;4719,3941594887465
MedSPLAB;13/07/2023, 12:00:00;4548,979183333334;410,6896611111111;1577,3770972222221;2531,7857583333334
MedSPLAB;13/07/2023, 13:00:00;3988,6217833333335;559,7419027777778;1522,9092;1887,68735
MedSPLAB;13/07/2023, 14:00:00;5932,498572222222;1375,7485111111114;2192,5093361111108;2350,426288888889
MedSPLAB;13/07/2023, 15:00:00;8450,605291666667;1492,9197305555556;3192,3572027777777;3734,484619444444
MedSPLAB;13/07/2023, 16:00:00;6942,288025;1162,4089416666666;2706,873158333334;3047,255238888889
MedSPLAB;13/07/2023, 17:00:00;5887,142108333333;1258,4530333333332;1818,1971888888888;2789,9912944444445
MedSPLAB;13/07/2023, 18:00:00;4452,776730555555;886,5089555555556;1726,2518166666666;1827,151513888889
MedSPLAB;13/07/2023, 19:00:00;3327,9765221017515;556,260711704198;1530,359277175424;1232,3842368640533
MedSPLAB;13/07/2023, 20:00:00;2454,3768388888893;35,17601388888889;1329,0569972222224;1075,7673055555556
MedSPLAB;13/07/2023, 21:00:00;2367,87495;65,09206388888889;1333,8393250000001;956,969436111111
MedSPLAB;13/07/2023, 22:00:00;2527,088008333333;107,91958333333334;1331,8447333333334;1074,4749472222222
MedSPLAB;13/07/2023, 23:00:00;2396,0191694444443;86,67243611111111;1330,5632555555555;966,9230611111111
MedSPLAB;14/07/2023, 0:00:00;2223,7697277021393;66,35277021394832;1313,5281328146707;833,4519533203668
MedSPLAB;14/07/2023, 1:00:00;2357,4530972222224;102,06033611111111;1304,443036111111;939,6609916666666
MedSPLAB;14/07/2023, 2:00:00;2111,304916666667;54,078272222222225;1305,9702666666667;741,7285083333333
MedSPLAB;14/07/2023, 3:00:00;2180,7999158957105;47,14050182225961;1314,2413400616763;809,5193019343986
MedSPLAB;14/07/2023, 4:00:00;2190,091133648236;133,5026979716588;1305,9080577938314;742,6585579327591
MedSPLAB;14/07/2023, 5:00:00;2193,5931055555557;69,88746666666667;1302,7633194444445;810,9765972222223
MedSPLAB;14/07/2023, 6:00:00;2589,731047222222;202,57458055555554;1450,3251472222223;927,0253777777779
MedSPLAB;14/07/2023, 7:00:00;2582,943738888889;111,91265;1305,5736583333332;1151,2393583333333
MedSPLAB;14/07/2023, 8:00:00;4880,929285912754;531,4618005001389;1901,5945484856904;2421,6825812725756
MedSPLAB;14/07/2023, 9:00:00;13048,078877777776;2081,2432555555556;3181,2603361111114;7707,259588888889
MedSPLAB;14/07/2023, 10:00:00;11298,881422222223;2761,807986111111;2973,5909305555556;5524,982366666666
MedSPLAB;14/07/2023, 11:00:00;8363,682772222222;1717,142525;2498,6952166666665;4115,040516666667
MedSPLAB;14/07/2023, 12:00:00;3844,0105972222223;907,0820361111112;1344,4181;1582,8835055555555
MedSPLAB;14/07/2023, 13:00:00;4611,223503751042;1134,7268963601;1542,8479494303972;1922,5159766601835
MedSPLAB;14/07/2023, 14:00:00;5769,788721867185;2465,4569463739927;1775,7457210336204;1540,796315643234
MedSPLAB;14/07/2023, 15:00:00;7583,945369444444;2235,1502444444445;2411,738077777778;2926,3257361111105
MedSPLAB;14/07/2023, 16:00:00;6035,592767435399;873,659841622673;2184,4058877465964;2948,9319838844126
MedSPLAB;14/07/2023, 17:00:00;2414,0254777777773;72,82690277777778;1293,3143416666667;1035,0356444444444
MedSPLAB;14/07/2023, 18:00:00;2230,872864684635;93,09172270075021;1280,4273242567378;847,249813837177
MedSPLAB;14/07/2023, 19:00:00;2275,473786111111;79,5770888888889;1285,4206083333331;899,8998555555555
MedSPLAB;14/07/2023, 20:00:00;2143,361338888889;51,642855555555556;1294,5333055555557;787,3477222222222
MedSPLAB;14/07/2023, 21:00:00;2125,435713888889;64,72067222222222;1297,9615444444444;753,2598722222223
MedSPLAB;14/07/2023, 22:00:00;2215,196677777778;157,24823055555555;1294,626013888889;755,2193527777778
MedSPLAB;14/07/2023, 23:00:00;2116,7688416666665;30,298727777777778;1292,4660083333333;784,2266333333333
MedSPLAB;15/07/2023, 0:00:00;2081,8577472222223;76,56088055555556;1283,4598888888888;713,317575
MedSPLAB;15/07/2023, 1:00:00;2126,3970222222224;88,20112222222221;1274,8852944444445;754,5237111111111
MedSPLAB;15/07/2023, 2:00:00;2022,6653111111111;29,351619444444445;1279,0912638888888;705,1978388888888
MedSPLAB;15/07/2023, 3:00:00;2133,1537685626226;134,03189688988513;1284,6248613056878;706,8469991594284
MedSPLAB;15/07/2023, 4:00:00;2063,5550694444446;79,60243611111112;1281,8880222222222;693,95835
MedSPLAB;15/07/2023, 5:00:00;2034,3591166666668;50,76725555555556;1279,0386194444445;695,9509388888889
MedSPLAB;15/07/2023, 6:00:00;2044,7908166666666;57,56773333333333;1263,2999611111113;715,1270722222222
MedSPLAB;15/07/2023, 7:00:00;1961,32166954023;108,87125862068964;1048,1473132183908;795,0652816091955
MedSPLAB;15/07/2023, 8:00:00;1967,2227166666667;39,33544722222222;945,1572527777778;969,8463805555555
MedSPLAB;15/07/2023, 9:00:00;1932,4389361111112;117,30678055555556;950,19795;854,9242666666667
MedSPLAB;15/07/2023, 10:00:00;2014,474525;98,6487722222222;946,141663888889;957,6252000000001
MedSPLAB;15/07/2023, 11:00:00;2004,5782250000002;34,2974;944,2376166666667;1012,6223166666666
MedSPLAB;15/07/2023, 12:00:00;2008,4804694444445;81,150325;947,4632777777778;967,8505555555555
MedSPLAB;15/07/2023, 13:00:00;2128,3275805555554;96,608875;946,6396027777779;1071,7991805555555
MedSPLAB;15/07/2023, 14:00:00;2085,528795214246;110,83292431830829;968,4862743461324;994,1627267668335
MedSPLAB;15/07/2023, 15:00:00;2145,779949986107;59,72122256182273;1037,226662961934;1036,0431953320367
MedSPLAB;15/07/2023, 16:00:00;2245,8886749999997;117,28334444444444;1213,557836111111;904,2653805555556
MedSPLAB;15/07/2023, 17:00:00;2238,8639166666667;30,436097222222223;1269,2740972222223;927,6506222222223
MedSPLAB;15/07/2023, 18:00:00;2249,323642678522;76,97414837454848;1285,5010947485412;876,0360572381217
MedSPLAB;15/07/2023, 19:00:00;2280,8023555555556;150,76526666666666;1295,7898972222222;825,1883222222223
MedSPLAB;15/07/2023, 20:00:00;2190,924163888889;44,38280833333333;1293,9623222222222;841,7996611111112
MedSPLAB;15/07/2023, 21:00:00;2173,9134916666667;60,768233333333335;1296,220688888889;807,0382166666667
MedSPLAB;15/07/2023, 22:00:00;2144,3552666666665;94,28030833333332;1289,2183194444442;752,0537055555556
MedSPLAB;15/07/2023, 23:00:00;2146,8900805555554;52,163177777777776;1290,1215861111111;794,6741444444444
MedSPLAB;16/07/2023, 0:00:00;2069,2422873818787;55,866364647026124;1285,9071956642579;718,5588743746526
MedSPLAB;16/07/2023, 1:00:00;2156,889474854126;165,58908307863294;1281,070200055571;702,832028341206
MedSPLAB;16/07/2023, 2:00:00;2022,4026785218116;29,64424840233398;1274,3487941094747;709,3697638232842
MedSPLAB;16/07/2023, 3:00:00;2118,4426497890295;70,72610689170183;1275,9887594936708;762,4924275668074
MedSPLAB;16/07/2023, 4:00:00;2025,6945257301809;93,15775799721837;1276,2255076495132;648,9334520166898
MedSPLAB;16/07/2023, 5:00:00;2048,840797222222;51,73623333333333;1278,0166;710,1737416666666
MedSPLAB;16/07/2023, 6:00:00;1979,40985;67,806025;1272,9896666666666;631,2470749999999
MedSPLAB;16/07/2023, 7:00:00;2062,2707918866354;121,3042317310364;1249,0000527924421;684,3850263962212
MedSPLAB;16/07/2023, 8:00:00;1896,0973416666666;53,43527777777778;1129,7151694444444;703,6975527777778
MedSPLAB;16/07/2023, 9:00:00;1850,6200666666666;44,145894444444444;956,0229527777777;839,6841388888888
MedSPLAB;16/07/2023, 10:00:00;1892,071163888889;124,95690833333333;951,6497555555555;806,1724805555555
MedSPLAB;16/07/2023, 11:00:00;1885,681000277855;33,593381494859685;942,5837982772993;898,0290664073353
MedSPLAB;16/07/2023, 12:00:00;1959,9545457071408;115,22891636565713;977,5827090858571;857,0853542650736
MedSPLAB;16/07/2023, 13:00:00;2065,836327777778;103,98705;1200,81685;752,3259527777778
MedSPLAB;16/07/2023, 14:00:00;2061,746463888889;52,91684444444445;1201,7728944444443;796,9485055555556
MedSPLAB;16/07/2023, 15:00:00;2042,0317722222221;38,435208333333335;1207,83115;785,6247694444444
MedSPLAB;16/07/2023, 16:00:00;2089,5832194444442;109,97035555555556;1212,9107916666665;758,1881083333333
MedSPLAB;16/07/2023, 17:00:00;2040,6051388888889;47,490405555555554;1278,3612805555556;705,9892833333333
MedSPLAB;16/07/2023, 18:00:00;2078,1895247359644;83,80367148415786;1294,747965536409;691,6236909394108
MedSPLAB;16/07/2023, 19:00:00;2134,2001444444445;128,59249444444444;1294,0459638888888;703,8618
MedSPLAB;16/07/2023, 20:00:00;1975,4145916666666;29,70841111111111;1299,6448416666665;638,3061
MedSPLAB;16/07/2023, 21:00:00;2054,3214916666666;52,69595833333334;1291,654575;701,2952666666666
MedSPLAB;16/07/2023, 22:00:00;2043,851511111111;106,69328333333334;1284,132775;645,4565833333334
MedSPLAB;16/07/2023, 23:00:00;2022,818413888889;65,46070555555555;1286,235675;663,3135166666667
MedSPLAB;17/07/2023, 0:00:00;1990,9722194444446;63,754130555555555;1291,4581027777779;628,6598916666668
MedSPLAB;17/07/2023, 1:00:00;2027,4003027777778;105,92638333333333;1290,1445805555556;624,4520583333334
MedSPLAB;17/07/2023, 2:00:00;1953,0722472222221;50,53722222222222;1279,5158166666665;615,5821027777778
MedSPLAB;17/07/2023, 3:00:00;1926,0403870967743;28,932760168302945;1280,95412342216;608,4845021037868
MedSPLAB;17/07/2023, 4:00:00;2028,2096444444444;125,56339722222222;1277,2778999999998;618,8465361111112
MedSPLAB;17/07/2023, 5:00:00;1968,4791166666666;46,18765833333334;1273,5672111111112;640,8104527777778
MedSPLAB;17/07/2023, 6:00:00;2391,1895638888886;214,11600833333333;1369,3887222222222;799,4532916666666
MedSPLAB;17/07/2023, 7:00:00;2521,03495;123,32133611111111;1201,53345;1182,3586305555557
MedSPLAB;17/07/2023, 8:00:00;5666,375766666666;921,1884611111111;1846,6012805555554;2871,5897416666667
MedSPLAB;17/07/2023, 9:00:00;7366,400286111111;1144,3459722222221;2939,9151833333335;3254,0194777777774
MedSPLAB;17/07/2023, 10:00:00;7651,100291666667;1746,4318444444446;2611,032538888889;3272,194758333333
MedSPLAB;17/07/2023, 11:00:00;7376,930913888888;1551,2951527777777;2243,4263444444446;3553,6271
MedSPLAB;17/07/2023, 12:00:00;3570,241302777778;665,4070222222223;1466,4273416666665;1427,8059805555556
MedSPLAB;17/07/2023, 13:00:00;5006,261077777777;1578,1873916666666;2164,5625694444443;1267,4808833333332
MedSPLAB;17/07/2023, 14:00:00;4464,139360933593;650,2854654070576;1787,456979716588;2007,2574965268132
MedSPLAB;17/07/2023, 15:00:00;6463,3890244580325;1190,6746470261255;2018,81323790995;3226,0320011117283
MedSPLAB;17/07/2023, 16:00:00;5676,754262295082;1368,5973159210891;2331,3435343150873;1968,374937482634
MedSPLAB;17/07/2023, 17:00:00;4605,414772222222;405,6316194444445;2083,9585694444445;2092,842025
MedSPLAB;17/07/2023, 18:00:00;2533,493260144525;144,19301278488047;1423,3932295719844;955,0717843246248
MedSPLAB;17/07/2023, 19:00:00;2191,1047222222223;94,707675;1359,6272138888887;728,2166083333334
MedSPLAB;17/07/2023, 20:00:00;2155,4479888888886;51,14123611111111;1360,8488027777776;734,214075
MedSPLAB;17/07/2023, 21:00:00;2106,6173305555553;56,241594444444445;1361,347963888889;680,2329944444446
MedSPLAB;17/07/2023, 22:00:00;2215,512747222222;152,79865555555557;1364,84655;690,6547833333333
MedSPLAB;17/07/2023, 23:00:00;2128,297771603223;29,754378994165048;1351,812936926924;737,0090025006946
MedSPLAB;18/07/2023, 0:00:00;2066,6109305555556;39,31689166666666;1354,267011111111;664,7041027777777
MedSPLAB;18/07/2023, 1:00:00;2090,134302777778;115,9229388888889;1346,619738888889;620,97705
MedSPLAB;18/07/2023, 2:00:00;2054,3849666666665;28,774966666666668;1346,4625916666666;670,4278277777777
MedSPLAB;18/07/2023, 3:00:00;2129,785460913421;92,24983188568227;1350,3459232277949;679,3883160549174
MedSPLAB;18/07/2023, 4:00:00;2060,6347694444444;110,58630277777777;1350,6113611111111;592,7994666666667
MedSPLAB;18/07/2023, 5:00:00;2073,8370519588775;50,311717143651016;1344,1477549319254;671,3396804667963
MedSPLAB;18/07/2023, 6:00:00;2527,65903584329;180,76071964434564;1481,6548735759932;856,1741761600445
MedSPLAB;18/07/2023, 7:00:00;3415,0159599888857;1047,9942984162267;1465,3737010280634;903,4353959433176
MedSPLAB;18/07/2023, 8:00:00;7412,480869444445;3073,086783333333;1972,6573972222225;2375,3170666666665
MedSPLAB;18/07/2023, 9:00:00;11133,195611111112;1951,7837722222223;3686,6674194444445;5445,993555555555
MedSPLAB;18/07/2023, 10:00:00;13428,63808611111;3711,8825;3362,3359138888886;6316,392833333333
MedSPLAB;18/07/2023, 11:00:00;11474,443819444445;3440,3817027777773;2992,5696722222224;5018,587552777777
MedSPLAB;18/07/2023, 12:00:00;5713,854733333333;865,9734861111112;1578,706725;3236,489336111111
MedSPLAB;18/07/2023, 13:00:00;3042,281744444445;290,5840777777778;1438,4787027777777;1299,6584083333332
MedSPLAB;18/07/2023, 14:00:00;6083,569586111111;1762,8686166666666;2631,117647222222;1690,242561111111
MedSPLAB;18/07/2023, 15:00:00;7428,460249999999;2296,624677777778;3431,563391666667;1708,0824805555555
MedSPLAB;18/07/2023, 16:00:00;4824,694763888889;826,8340083333334;2233,3066833333332;1751,8146416666666
MedSPLAB;18/07/2023, 17:00:00;3187,3896055555556;723,7524055555556;1579,5863555555554;881,8461944444443
MedSPLAB;18/07/2023, 18:00:00;3224,0363305555557;723,267261111111;1723,331;777,1387972222223
MedSPLAB;18/07/2023, 19:00:00;3340,3578855237565;756,5124701305919;1738,7335704362324;843,933992775771
MedSPLAB;18/07/2023, 20:00:00;2588,3249138888887;336,8530916666667;1545,183086111111;701,1054638888888
MedSPLAB;18/07/2023, 21:00:00;2101,271775;57,40980555555556;1320,0843583333333;715,1871833333333
MedSPLAB;18/07/2023, 22:00:00;2217,6492444444443;103,55274722222222;1326,3273944444445;778,9242305555556
MedSPLAB;18/07/2023, 23:00:00;2062,8636398999724;30,60763545429286;1321,8209141428174;701,3229730480689
MedSPLAB;19/07/2023, 0:00:00;2176,835640455682;125,69608224506806;1405,7700250069465;638,5914281744929
MedSPLAB;19/07/2023, 1:00:00;2156,826258333333;81,81439444444445;1362,141038888889;704,3324444444444
MedSPLAB;19/07/2023, 2:00:00;2094,7783750000003;50,295633333333335;1336,091688888889;700,0479111111111
MedSPLAB;19/07/2023, 3:00:00;2041,172860354032;52,067763416690084;1337,3375976397863;643,8069935375105
MedSPLAB;19/07/2023, 4:00:00;2121,0855444444446;83,35580833333334;1318,9243416666666;710,9454666666666
MedSPLAB;19/07/2023, 5:00:00;2004,3392666666668;50,67687777777778;1303,8065305555556;642,0129861111111
MedSPLAB;19/07/2023, 6:00:00;2653,529325;359,5752861111111;1491,994902777778;796,1273777777778
MedSPLAB;19/07/2023, 7:00:00;2881,727644444444;295,76075833333334;1586,1344805555555;990,2982138888889
MedSPLAB;19/07/2023, 8:00:00;4894,826330555556;486,37550833333336;2257,09905;2128,845283333333
MedSPLAB;19/07/2023, 9:00:00;7365,850664073353;1486,1661294804114;2695,1377132536813;3161,301703250903
MedSPLAB;19/07/2023, 10:00:00;7166,756102777777;842,8954444444445;2796,4989416666667;3491,2288249999997
MedSPLAB;19/07/2023, 11:00:00;5954,028608333333;1110,1450472222223;2379,726413888889;2445,4602138888886
MedSPLAB;19/07/2023, 12:00:00;3637,9051083333334;601,4490722222223;1474,7993277777778;1549,082811111111
MedSPLAB;19/07/2023, 13:00:00;3392,9382522923033;396,33522089469295;1588,554151153098;1394,481433731592
MedSPLAB;19/07/2023, 14:00:00;5092,75605;1132,7160611111112;2489,9332611111113;1465,592447222222
MedSPLAB;19/07/2023, 15:00:00;4054,665777777778;832,4291166666666;1748,2421333333332;1465,4330083333334
MedSPLAB;19/07/2023, 16:00:00;4122,729963888889;364,2694666666667;1671,7143444444444;2063,4463055555557
MedSPLAB;19/07/2023, 17:00:00;3922,9799555555555;89,05074444444445;1588,3331527777777;2216,161925
MedSPLAB;19/07/2023, 18:00:00;2699,2973826062794;132,2710586273965;1377,0436537927203;1176,2683106418451
MedSPLAB;19/07/2023, 19:00:00;2177,507524312309;103,51735759933314;1316,4727896637955;748,8692775771046
MedSPLAB;19/07/2023, 20:00:00;2099,5746677787047;29,72247984431471;1317,7069585765914;742,8236391437308
MedSPLAB;19/07/2023, 21:00:00;2107,133438888889;90,03584722222222;1315,7895972222223;693,2377444444444
MedSPLAB;19/07/2023, 22:00:00;2119,1742833333333;71,02499722222223;1320,633088888889;719,2009861111111
MedSPLAB;19/07/2023, 23:00:00;2032,768485269594;57,462743190661485;1324,0554196775988;643,4144580322401
MedSPLAB;20/07/2023, 0:00:00;2028,3685416666667;107,59522777777778;1312,3382111111111;601,8268277777778
MedSPLAB;20/07/2023, 1:00:00;2045,429161111111;69,07703055555555;1312,1554277777777;656,4060027777778
MedSPLAB;20/07/2023, 2:00:00;1961,160511111111;49,20968333333333;1311,7319055555556;593,1053527777777
MedSPLAB;20/07/2023, 3:00:00;2018,561353172375;65,88841100505334;1297,6173694553622;647,3713700168444
MedSPLAB;20/07/2023, 4:00:00;1961,0063378716309;88,23511808835788;1299,8874409558211;566,5945595998888
MedSPLAB;20/07/2023, 5:00:00;1952,4330841900528;71,82649069185885;1294,8225840511254;579,0705779383162
MedSPLAB;20/07/2023, 6:00:00;2432,474602777778;223,26359166666668;1455,6224777777777;746,6133138888889
MedSPLAB;20/07/2023, 7:00:00;2583,381213888889;234,98121666666663;1257,1467111111112;1080,1473694444444
MedSPLAB;20/07/2023, 8:00:00;5587,752252777777;939,0033555555556;2011,084038888889;2615,401888888889
MedSPLAB;20/07/2023, 9:00:00;9013,806875;2538,1512055555554;2873,6438999999996;3586,2380305555557
MedSPLAB;20/07/2023, 10:00:00;8282,382333333333;1871,8002111111111;2350,773816666667;4030,0343305555557
MedSPLAB;20/07/2023, 11:00:00;7733,929897222222;1560,7562916666668;2583,217530555555;3561,3456833333335
MedSPLAB;20/07/2023, 12:00:00;3671,001886111111;492,0851944444445;1460,8425111111112;1700,9254833333334
MedSPLAB;20/07/2023, 13:00:00;3303,6118444444446;465,99016111111115;1514,3593;1311,6805805555555
MedSPLAB;20/07/2023, 14:00:00;6248,857197222223;2185,5552305555557;1994,3052333333333;2069,8732305555554
MedSPLAB;20/07/2023, 15:00:00;7062,805655555555;2352,794758333333;2103,1276361111113;2602,7773250000005
MedSPLAB;20/07/2023, 16:00:00;5603,896570316842;1508,8483518621456;1997,4117231795442;2089,096309060589
MedSPLAB;20/07/2023, 17:00:00;4448,818913888889;695,0885000000001;1674,936883333333;2059,747302777778
MedSPLAB;20/07/2023, 18:00:00;2341,5033972222222;134,63282777777778;1514,163775;685,552575
MedSPLAB;20/07/2023, 19:00:00;2042,4844262295082;69,48938316198944;1305,7051430953045;659,3852153375938
MedSPLAB;20/07/2023, 20:00:00;2045,5193472222222;51,27279722222222;1308,6381055555555;677,6095583333333
MedSPLAB;20/07/2023, 21:00:00;1968,6365222348916;29,64338654503991;1313,3134777651082;617,8701254275941
MedSPLAB;21/07/2023, 14:00:00;2194,679525521208;31,42138749101366;1243,9538389647735;907,5295255212078
MedSPLAB;21/07/2023, 15:00:00;3439,816352777778;143,98062222222222;1500,4952805555554;1772,9493083333332
MedSPLAB;21/07/2023, 16:00:00;4182,977127777778;499,5482777777778;1803,903613888889;1861,5941444444445
MedSPLAB;21/07/2023, 17:00:00;3749,737438888889;954,6331055555556;1983,0543305555555;813,8373972222222
MedSPLAB;21/07/2023, 18:00:00;3367,450036111111;797,4597611111111;1876,9827666666667;694,3941166666666
MedSPLAB;21/07/2023, 19:00:00;2274,575487635454;97,9003000833565;1487,1487941094747;681,6348318977493
MedSPLAB;21/07/2023, 20:00:00;2193,4763361111113;54,74954444444444;1523,9530166666668;607,4969472222222
MedSPLAB;21/07/2023, 21:00:00;2218,8874638888888;86,79902777777778;1510,6455583333334;614,5488277777779
MedSPLAB;21/07/2023, 22:00:00;2228,5238416666666;101,31241666666666;1513,1872999999998;607,3081388888888
MedSPLAB;21/07/2023, 23:00:00;2132,5122916666664;27,699091666666664;1448,511172222222;648,0240972222222
MedSPLAB;22/07/2023, 0:00:00;2141,3803583333333;72,30709166666666;1488,5899222222222;573,7390833333333
MedSPLAB;22/07/2023, 1:00:00;2148,236302777778;79,81801388888888;1426,784125;634,3362361111111
MedSPLAB;22/07/2023, 2:00:00;2418,5713931888545;21,25402476780186;2069,339256965944;324,392693498452
MedSPLAB;24/07/2023, 7:00:00;1912,44162371134;132,89541237113403;1108,431005154639;664,0259020618556
MedSPLAB;24/07/2023, 8:00:00;3019,817024173381;311,37990275076413;1486,1303778827453;1210,4035454292857
MedSPLAB;24/07/2023, 9:00:00;6212,155511111111;1561,2846333333332;2293,529763888889;2346,449472222222
MedSPLAB;24/07/2023, 10:00:00;7076,148211111112;2155,5085444444444;2381,9810805555558;2532,7688027777776
MedSPLAB;24/07/2023, 11:00:00;5472,896401778271;2031,6940872464572;1882,2877327035287;1565,0832647957766
MedSPLAB;24/07/2023, 12:00:00;3209,886861111111;644,3647277777778;1262,1725638888888;1294,322525
MedSPLAB;24/07/2023, 13:00:00;2994,140102777778;254,78930555555556;1499,457288888889;1226,1575444444445
MedSPLAB;24/07/2023, 14:00:00;5549,454175000001;1365,8549694444446;1708,214911111111;2460,1548666666667
MedSPLAB;24/07/2023, 15:00:00;8063,52145318144;1110,3225062517365;3368,8227507641013;3551,1455654348433
MedSPLAB;24/07/2023, 16:00:00;6068,261552777778;680,1396611111112;3180,9365722222224;2186,966552777778
MedSPLAB;24/07/2023, 17:00:00;4432,149947222222;345,6548305555556;1682,192402777778;2376,3080833333333
MedSPLAB;24/07/2023, 18:00:00;3105,290486111111;35,04642222222222;1463,9774555555555;1585,6474833333334
MedSPLAB;24/07/2023, 19:00:00;2157,14965;84,81071388888888;1276,2993583333334;786,4605305555556
MedSPLAB;24/07/2023, 20:00:00;2118,864862461795;118,96052236732426;1284,7017477076965;707,3915893303696
MedSPLAB;24/07/2023, 21:00:00;2137,9305444444444;55,415411111111105;1290,9159472222223;781,9148250000001
MedSPLAB;24/07/2023, 22:00:00;2090,527108333333;70,05279722222222;1288,3132305555555;724,3578333333334
MedSPLAB;24/07/2023, 23:00:00;2049,4473333333335;66,06258611111112;1277,5355333333332;697,3441666666666
MedSPLAB;25/07/2023, 0:00:00;1981,3094220616838;48,395618227285354;1273,277193664907;651,7680605723813
MedSPLAB;25/07/2023, 1:00:00;2054,847692521546;73,75748957464553;1265,0246066166249;707,4132137892689
MedSPLAB;25/07/2023, 2:00:00;2022,8652722222223;125,75545277777778;1262,6638611111111;627,7755777777778
MedSPLAB;25/07/2023, 3:00:00;1941,0953353915238;27,942938534942463;1267,1659809149594;637,8837945551502
MedSPLAB;25/07/2023, 4:00:00;2080,4592555555555;98,20954166666667;1269,1975277777776;705,0841472222222
MedSPLAB;25/07/2023, 5:00:00;1952,2191750000002;53,059777777777775;1264,8128;626,7248555555556
MedSPLAB;25/07/2023, 6:00:00;2311,5903806612946;193,34870241733813;1310,493848291192;799,6263906640734
MedSPLAB;25/07/2023, 7:00:00;3626,5473235130626;802,7877987770984;1146,5893413007227;1665,1128682601445
MedSPLAB;25/07/2023, 8:00:00;6892,604780555555;2118,427636111111;1547,5812277777777;3210,204261111111
MedSPLAB;25/07/2023, 9:00:00;8986,382095026396;3050,6041817171435;2274,141328146707;3651,992406223951
MedSPLAB;25/07/2023, 10:00:00;13284,176071130869;4121,248571825507;2646,0693581550427;6482,575054181718
MedSPLAB;25/07/2023, 11:00:00;10185,244966666667;3491,7777972222225;2724,8795638888887;3961,002116666667
MedSPLAB;25/07/2023, 12:00:00;6245,390527924423;2469,139338705196;1790,6884190052792;1991,0261906085022
MedSPLAB;25/07/2023, 13:00:00;5111,422213888888;1794,8125111111112;1667,402775;1649,8585694444444
MedSPLAB;25/07/2023, 14:00:00;7912,164962468724;3019,4557325549067;2120,983519599666;2774,4239755351678
MedSPLAB;25/07/2023, 15:00:00;11115,976599055293;3502,9657877188106;2608,473867741039;4981,868088357877
MedSPLAB;25/07/2023, 16:00:00;9474,017569444444;1769,8739027777776;2972,4148750000004;4691,5016305555555
MedSPLAB;25/07/2023, 17:00:00;6584,852162312395;1116,9679822123403;2354,6063729849916;3085,228435241801
MedSPLAB;25/07/2023, 18:00:00;3063,5671388888886;450,205425;1622,4969611111112;983,6147916666666
MedSPLAB;25/07/2023, 19:00:00;2945,707853767028;565,5274089519044;1639,2757575757578;738,6950708924103
MedSPLAB;25/07/2023, 20:00:00;3051,5492000000004;555,1513055555555;1685,7221194444444;807,422525
MedSPLAB;25/07/2023, 21:00:00;2649,5698388441233;436,00337871631007;1530,2256376771327;680,2795220894693
MedSPLAB;25/07/2023, 22:00:00;2364,439538888889;402,4396055555556;1284,7956472222222;673,4379527777777
MedSPLAB;25/07/2023, 23:00:00;2320,3051305555555;359,9043305555556;1286,8539805555556;669,4399722222222
MedSPLAB;26/07/2023, 0:00:00;2300,160244512365;359,7617477076966;1267,343000833565;668,9081550430676
MedSPLAB;26/07/2023, 1:00:00;2332,1443944444445;426,3109138888889;1264,918002777778;638,5085083333333
MedSPLAB;26/07/2023, 2:00:00;2288,003347222222;375,1566777777778;1269,6656611111111;639,6638750000001
MedSPLAB;26/07/2023, 3:00:00;2240,5825743964065;364,26554183043237;1271,758854576081;601,6683913531724
MedSPLAB;26/07/2023, 4:00:00;2363,968296749097;410,47793831619896;1269,201394831898;680,6442734092805
MedSPLAB;26/07/2023, 5:00:00;2209,3007696582386;337,4474076132259;1265,5130814115032;603,3620005557099
MedSPLAB;26/07/2023, 6:00:00;2762,45892996109;534,4373040578099;1401,950486381323;822,0537826570317
MedSPLAB;26/07/2023, 7:00:00;3452,0786416666665;732,8483;1312,9282111111113;1397,0324944444446
MedSPLAB;26/07/2023, 8:00:00;9059,851691666667;2894,5953388888884;2978,4268666666662;3181,2708444444443
MedSPLAB;26/07/2023, 9:00:00;12513,950816666666;3747,1654305555558;4308,896252777778;4447,295838888889
MedSPLAB;26/07/2023, 10:00:00;9756,100955555556;3272,7756222222224;2639,562108333333;3835,183547222222
MedSPLAB;26/07/2023, 11:00:00;8655,474922222222;3068,3084083333333;2096,3109916666667;3484,0011833333333
MedSPLAB;26/07/2023, 12:00:00;4601,802038888889;1799,011961111111;1288,9235916666667;1517,4836249999998
MedSPLAB;26/07/2023, 13:00:00;5060,209316476798;1336,4964323423173;2146,3807613225895;1574,245332036677
MedSPLAB;26/07/2023, 14:00:00;10598,943544444444;4944,912688888889;2114,7975277777778;3556,042938888889
MedSPLAB;26/07/2023, 15:00:00;9798,67253611111;3575,9427611111114;2275,401786111111;3940,9985055555558
MedSPLAB;26/07/2023, 16:00:00;9414,912769444443;2457,7583722222225;2235,2255194444447;4690,104016666667
MedSPLAB;26/07/2023, 17:00:00;6453,717069444444;1677,791313888889;2065,1427583333334;2696,664036111111
MedSPLAB;26/07/2023, 18:00:00;4828,816316666666;1482,35705;1750,9608;1593,1928833333334
MedSPLAB;26/07/2023, 19:00:00;3602,098505555555;1032,3446333333331;1720,2774916666665;851,770825
MedSPLAB;26/07/2023, 20:00:00;3003,9921672686855;705,7321811614338;1496,4171047513198;800,5767685468186
MedSPLAB;26/07/2023, 21:00:00;2462,3296638888887;425,1866694444444;1241,3589666666667;790,766275
MedSPLAB;26/07/2023, 22:00:00;2413,036526813004;367,02814948596836;1242,746179494304;797,0219422061683
MedSPLAB;26/07/2023, 23:00:00;2313,8216726868577;333,7026535148653;1250,1439205334814;724,715765490414
MedSPLAB;27/07/2023, 0:00:00;2419,677279043913;427,35843246247913;1251,9247804335744;735,8499388549194
MedSPLAB;27/07/2023, 1:00:00;2316,7226868574603;344,08656571269796;1239,0443262017227;728,4112197832732
MedSPLAB;27/07/2023, 2:00:00;2383,2399222006115;403,5768130036121;1238,0981967213115;737,0938955265352
MedSPLAB;27/07/2023, 3:00:00;2304,4196624472575;403,2664838255978;1235,2754514767935;662,4509282700421
MedSPLAB;27/07/2023, 4:00:00;2342,4690333333333;361,11843888888893;1238,6167444444445;737,6196666666666
MedSPLAB;27/07/2023, 5:00:00;2319,446608333333;337,58132222222224;1237,5528055555556;738,9076166666666
MedSPLAB;27/07/2023, 6:00:00;2811,249388888889;645,3816027777777;1379,5225861111112;784,4506305555556
MedSPLAB;27/07/2023, 7:00:00;3716,7712694444444;778,0125277777778;1353,2594416666668;1574,808813888889
MedSPLAB;27/07/2023, 8:00:00;6806,344501250347;1168,9954126146151;2139,7342789663794;3465,7112447902196
MedSPLAB;27/07/2023, 9:00:00;7700,819433333334;1084,7307055555555;2476,303344444444;4098,107194444445
MedSPLAB;27/07/2023, 10:00:00;9167,07655;2669,688558333333;2036,2611194444446;4435,333072222222
MedSPLAB;27/07/2023, 11:00:00;8602,301205555555;2921,1144166666663;2099,8591555555554;3570,6647027777776
MedSPLAB;27/07/2023, 12:00:00;4633,905994444444;1845,1706555555556;1298,9048111111113;1493,356413888889
MedSPLAB;27/07/2023, 13:00:00;8084,983495415394;2235,1286885245904;3146,386718532926;2695,987593776049
MedSPLAB;27/07/2023, 14:00:00;11534,317949999999;3576,007538888889;3254,1843555555556;4687,729530555556
MedSPLAB;27/07/2023, 15:00:00;9240,440566824118;2979,9360572381215;1904,281642122812;4336,292178382884
MedSPLAB;27/07/2023, 16:00:00;11645,954200000002;4301,049105555556;2053,608313888889;5275,415452777777
MedSPLAB;27/07/2023, 17:00:00;6550,408852459017;1294,4129063628786;1840,6481411503196;3386,079288691303
MedSPLAB;27/07/2023, 18:00:00;3164,247663888889;482,4898916666667;1467,6104138888888;1204,391922222222
MedSPLAB;27/07/2023, 19:00:00;2127,7307583333336;80,76833055555555;1273,2877888888888;764,8173944444445
MedSPLAB;27/07/2023, 20:00:00;2164,0110230747846;103,30031415068112;1286,6143063664165;764,7788851820961
MedSPLAB;27/07/2023, 21:00:00;2245,8108583333333;166,4534888888889;1283,8040250000001;787,264925
MedSPLAB;27/07/2023, 22:00:00;2055,4259694444445;55,00926111111111;1285,9860527777778;705,5333611111112
MedSPLAB;27/07/2023, 23:00:00;2111,9465194444447;63,11120833333334;1288,3992444444443;750,9934833333333
MedSPLAB;28/07/2023, 0:00:00;2198,5877005988023;242,34182035928146;1261,5308622754492;688,7191497005988
MedSPLAB;02/08/2023, 14:00:00;12784,633110394843;4794,491039484287;4176,315084609186;3825,7911039484284
MedSPLAB;02/08/2023, 15:00:00;10965,403917754933;3535,1753681578216;3364,4800527924426;4057,285020839122
MedSPLAB;02/08/2023, 16:00:00;7549,727957138882;1039,4458697467296;2679,5780879487893;3792,1257138881156
MedSPLAB;02/08/2023, 17:00:00;6203,708788215675;898,4260144524735;2377,2692384658144;2900,164335742079
MedSPLAB;02/08/2023, 18:00:00;3256,6099583333335;198,49640000000002;1764,108077777778;1279,823022222222
MedSPLAB;02/08/2023, 19:00:00;2414,6868305555554;29,619819444444445;1533,8872472222222;840,7631611111111
MedSPLAB;02/08/2023, 20:00:00;2615,9620749999995;182,87743055555555;1608,4404694444445;816,102438888889
MedSPLAB;02/08/2023, 21:00:00;2347,7288583333334;30,560097222222225;1502,7542583333334;804,5007777777777
MedSPLAB;02/08/2023, 22:00:00;2335,158855237566;50,346468463462074;1508,1447235343153;766,9353431508752
MedSPLAB;02/08/2023, 23:00:00;2323,439711030842;108,55633787163102;1495,0112003334261;712,0818699638788
MedSPLAB;03/08/2023, 0:00:00;2321,254827777778;86,43639722222223;1543,408913888889;683,1547416666666
MedSPLAB;03/08/2023, 1:00:00;2227,5870583333335;38,98035;1472,4788805555554;707,3755916666667
MedSPLAB;03/08/2023, 2:00:00;2284,3438927479856;118,05515976660183;1466,140911364268;692,5884078910808
MedSPLAB;03/08/2023, 3:00:00;2171,4216811675556;42,553480213303395;1470,3423126578725;650,4272410889699
MedSPLAB;03/08/2023, 4:00:00;2173,8470805555557;28,380427777777776;1467,0200499999999;670,3568861111111
MedSPLAB;03/08/2023, 5:00:00;2275,1064277777778;148,16765;1466,3130944444445;653,6123611111111
MedSPLAB;03/08/2023, 6:00:00;2539,744091666667;193,0977722222222;1598,8374972222223;740,2760472222222
MedSPLAB;03/08/2023, 7:00:00;3795,489008057794;311,5207113086969;1571,4697249235899;1891,1876965823842
MedSPLAB;03/08/2023, 8:00:00;7258,412311111111;555,5506722222221;3283,797333333333;3380,5748666666664
MedSPLAB;03/08/2023, 9:00:00;7621,646913888889;801,3818194444445;3035,716972222222;3744,457063888889
MedSPLAB;03/08/2023, 10:00:00;8849,943533333333;1135,6964944444444;3290,0057194444444;4380,0048611111115
MedSPLAB;03/08/2023, 11:00:00;6915,6343;846,62235;3467,666063888889;2577,9866194444444
MedSPLAB;03/08/2023, 12:00:00;5903,28756111111;2060,4006944444445;2176,612286111111;1671,062138888889
MedSPLAB;03/08/2023, 13:00:00;6380,208305555555;1527,3883527777778;2851,961380555555;1994,3683888888888
MedSPLAB;03/08/2023, 14:00:00;9241,358725;2172,634225;3998,079911111111;3057,642863888889
MedSPLAB;03/08/2023, 15:00:00;10471,983337038066;2393,975451514309;4013,9520894692973;4041,592258960822
MedSPLAB;03/08/2023, 16:00:00;10531,118744444446;4269,427461111111;2786,4344361111107;3484,4513583333337
MedSPLAB;03/08/2023, 17:00:00;8855,364486111112;2981,5647277777775;2512,583361111111;3355,522266666667
MedSPLAB;03/08/2023, 18:00:00;4134,341402777778;1329,949438888889;1779,4669111111111;1028,8551027777778
MedSPLAB;03/08/2023, 19:00:00;2455,198257849403;324,4869630452904;1383,3325395943318;741,9672686857461
MedSPLAB;03/08/2023, 20:00:00;1983,1644567935537;68,11920255626563;1232,989483189775;673,8170630730759
MedSPLAB;03/08/2023, 21:00:00;2080,5700916921364;138,3706612948041;1231,851564323423;703,1766323978884
MedSPLAB;03/08/2023, 22:00:00;1956,1543055555555;56,086352777777776;1237,5792777777779;654,6945416666667
MedSPLAB;03/08/2023, 23:00:00;1936,2852403445402;63,85030286190608;1239,6153431508753;625,5085273687135
MedSPLAB;04/08/2023, 0:00:00;1977,5022172825784;109,12043067518755;1222,4765934981938;638,7853375937761
MedSPLAB;04/08/2023, 1:00:00;1863,68955;34,024233333333335;1218,1243833333333;604,1050055555555
MedSPLAB;04/08/2023, 2:00:00;1886,9018921922757;63,64394831897749;1222,7180772436786;593,4566851903306
MedSPLAB;04/08/2023, 3:00:00;1977,881234914398;152,99542520348024;1219,6879455515013;599,0605332584901
MedSPLAB;04/08/2023, 4:00:00;1809,7119;50,89573333333334;1218,1209305555556;534,3383055555556
MedSPLAB;04/08/2023, 5:00:00;1853,658563888889;37,779038888888884;1216,2415111111109;592,2850166666667
MedSPLAB;04/08/2023, 6:00:00;2415,162114476243;379,2509919422062;1241,2975604334538;789,0770991942206
MedSPLAB;04/08/2023, 7:00:00;3642,331323692992;203,031053948832;1326,4957869855393;2087,1151390433815
MedSPLAB;04/08/2023, 8:00:00;6426,398872222221;743,0497;2223,1178777777777;3424,0065694444447
MedSPLAB;04/08/2023, 9:00:00;9663,277552777778;2459,9751888888886;3343,0215527777777;3841,0490777777777
MedSPLAB;04/08/2023, 10:00:00;11949,315969444446;3307,2364222222227;3251,840827777778;5361,099952777778
MedSPLAB;04/08/2023, 11:00:00;8295,548182323513;2336,242434685937;2634,0381211784324;3311,103957754308
MedSPLAB;04/08/2023, 12:00:00;3424,977855555556;764,4612111111111;1269,981538888889;1381,9921555555554
MedSPLAB;04/08/2023, 13:00:00;7048,853719444444;2892,2450916666667;2001,3101083333336;2165,0257333333334
MedSPLAB;04/08/2023, 14:00:00;13814,865077777778;3383,954255555556;3792,879172222222;6593,287058333333
MedSPLAB;04/08/2023, 15:00:00;10252,626138888889;2064,191861111111;2243,2830194444446;5891,60545
MedSPLAB;04/08/2023, 16:00:00;4895,586841666666;1042,7007277777777;1402,9003833333336;2430,494761111111
MedSPLAB;04/08/2023, 17:00:00;3579,4195750000003;83,49954722222222;1531,0652666666667;1939,4290722222222
MedSPLAB;04/08/2023, 18:00:00;2160,644327777778;101,39216944444445;1227,930122222222;821,713875
MedSPLAB;04/08/2023, 19:00:00;2078,6903083333336;71,07271666666666;1185,8386583333333;811,8655805555555
MedSPLAB;04/08/2023, 20:00:00;1995,2152986940819;72,72244234509586;1182,095834954154;731,6219255348708
MedSPLAB;04/08/2023, 21:00:00;2026,8480161155876;127,37159210891915;1183,2978855237566;708,393876076688
MedSPLAB;04/08/2023, 22:00:00;1964,8433583333333;54,484836111111115;1182,9347833333334;718,252561111111
MedSPLAB;04/08/2023, 23:00:00;1912,504980544747;30,809488604780437;1184,3476014452474;688,6417259588661
MedSPLAB;05/08/2023, 0:00:00;1968,343562291435;104,59155450500556;1177,9679977753058;678,6093937708565
MedSPLAB;05/08/2023, 1:00:00;1871,1906501806059;60,05233676021117;1173,8717004723535;629,3920811336482
MedSPLAB;05/08/2023, 2:00:00;1906,8908433064291;99,9256999721681;1175,2294934595047;624,7278179794044
MedSPLAB;05/08/2023, 3:00:00;1852,057076318743;70,65404601571268;1169,7071885521884;604,656975308642
MedSPLAB;05/08/2023, 4:00:00;1871,2828710394663;77,21603668704836;1171,9606920511396;614,9212090050029
MedSPLAB;05/08/2023, 5:00:00;1839,6088941372604;42,780105584884694;1170,5826590719646;618,6363712142261
MedSPLAB;05/08/2023, 6:00:00;1745,0464990275077;60,31237288135593;1044,3051875520978;632,7414281744929
MedSPLAB;05/08/2023, 7:00:00;1707,512986111111;107,71070833333333;837,6343583333334;753,4681750000001
MedSPLAB;05/08/2023, 8:00:00;1756,978395439377;74,667010567297;834,29728865406;837,6224888765294
MedSPLAB;05/08/2023, 9:00:00;1884,1668694444445;75,1282861111111;832,6364583333333;964,1262916666666
MedSPLAB;05/08/2023, 10:00:00;1913,1319088635732;98,04242011669908;832,4278216171159;970,9747151986663
MedSPLAB;05/08/2023, 11:00:00;1920,734986111111;35,93908888888889;833,5575666666666;1037,458625
MedSPLAB;05/08/2023, 12:00:00;1990,8301916666665;67,40540833333333;833,9608944444445;1076,2670888888888
MedSPLAB;05/08/2023, 13:00:00;2106,9854972222224;138,82334722222222;833,8074750000001;1120,4112944444446
MedSPLAB;05/08/2023, 14:00:00;2011,4754694444443;80,02723888888889;833,2386527777777;1084,8377583333333
MedSPLAB;05/08/2023, 15:00:00;1941,9533351862144;38,39549749861034;836,2437770983879;1053,5202195664258
MedSPLAB;05/08/2023, 16:00:00;1995,302787659811;144,7109977765425;843,8550166759311;994,879441356309
MedSPLAB;05/08/2023, 17:00:00;1887,4881434130073;35,29580600333519;899,632643135075;940,5076514730406
MedSPLAB;05/08/2023, 18:00:00;1884,972270705948;38,07640355753196;927,4879099499722;907,5079405225125
MedSPLAB;05/08/2023, 19:00:00;1988,0758333333333;193,6780611111111;931,781638888889;853,7872111111111
MedSPLAB;05/08/2023, 20:00:00;1814,1044361111112;36,94488611111111;938,3166388888889;827,8836027777778
MedSPLAB;05/08/2023, 21:00:00;1791,281225;57,609874999999995;936,5401444444444;787,723386111111
MedSPLAB;05/08/2023, 22:00:00;1821,8540300166758;112,88606448026681;935,2554446914952;765,0360950528071
MedSPLAB;05/08/2023, 23:00:00;1721,0197333333333;64,05505;932,72445;715,6263861111112
MedSPLAB;06/08/2023, 0:00:00;1737,336650917176;81,94057809894386;926,6155864369093;720,1650861589773
MedSPLAB;06/08/2023, 1:00:00;1752,9623277777778;102,57638333333333;927,7528;714,5184888888889
MedSPLAB;06/08/2023, 2:00:00;1713,6211500000002;70,86993333333334;927,3390555555555;706,8359833333334
MedSPLAB;06/08/2023, 3:00:00;1691,649901795735;34,067008978675645;928,7297755331089;719,3013860830528
MedSPLAB;06/08/2023, 4:00:00;1758,50115;114,51445555555557;928,4434166666666;707,4647388888889
MedSPLAB;06/08/2023, 5:00:00;1658,4943583333331;71,997525;923,241725;655,3354666666667
MedSPLAB;06/08/2023, 6:00:00;1730,51679177092;87,61291075896581;898,1767667500695;735,8633333333333
MedSPLAB;06/08/2023, 7:00:00;1792,6572381217006;80,68380661294805;837,4072520144485;863,9370352875799
MedSPLAB;06/08/2023, 8:00:00;1856,6493361111109;71,72410833333333;830,5094027777778;942,6777722222222
MedSPLAB;06/08/2023, 9:00:00;1846,473513888889;54,8481388888889;831,047686111111;948,2424500000001
MedSPLAB;06/08/2023, 10:00:00;1965,2309583333333;71,67303055555554;829,0446444444445;1051,3715694444445
MedSPLAB;06/08/2023, 11:00:00;2071,1038083333333;155,596325;828,9632055555555;1073,9587361111112
MedSPLAB;06/08/2023, 12:00:00;2012,492786111111;36,74725;829,4193138888888;1131,7580805555556
MedSPLAB;06/08/2023, 13:00:00;2086,644303973326;87,55635176437899;827,123876076688;1157,3743150875243
MedSPLAB;06/08/2023, 14:00:00;2095,0912027777777;97,42317222222222;828,3587444444445;1154,7348583333335
MedSPLAB;06/08/2023, 15:00:00;2052,4887583333334;58,14055833333334;867,2803583333333;1112,7557805555555
MedSPLAB;06/08/2023, 16:00:00;2250,4978833333334;78,28378055555555;1114,4415583333332;1044,3258555555556
MedSPLAB;06/08/2023, 17:00:00;2266,7096861111113;129,63211944444444;1160,9069;964,8051277777778
MedSPLAB;06/08/2023, 18:00:00;2153,167163888889;54,33696388888889;1175,9864694444445;911,1916972222222
MedSPLAB;06/08/2023, 19:00:00;2141,987552777778;40,61776944444444;1173,6939472222223;916,0409888888889
MedSPLAB;06/08/2023, 20:00:00;2174,050811111111;134,53294444444444;1182,0304361111112;848,0306861111111
MedSPLAB;06/08/2023, 21:00:00;2045,4498;43,98389999999999;1183,25365;807,9703833333333
MedSPLAB;06/08/2023, 22:00:00;2050,2151833333332;89,23511944444444;1179,0383916666667;772,7650666666667
MedSPLAB;06/08/2023, 23:00:00;2016,9105944444445;116,63861944444446;1180,9563055555557;711,003475
MedSPLAB;07/08/2023, 0:00:00;1980,5866907474299;43,32391497638233;1168,1543345373716;760,1265684912476
MedSPLAB;07/08/2023, 1:00:00;1922,0746666666669;38,888672222222226;1163,8249083333333;710,3493055555556
MedSPLAB;07/08/2023, 2:00:00;1967,8788;112,39481388888888;1162,014688888889;685,6023722222222
MedSPLAB;07/08/2023, 3:00:00;1973,6809977578475;100,8719730941704;1165,9093469730942;698,9425308295964
MedSPLAB;07/08/2023, 4:00:00;1927,4657972222224;30,138419444444445;1167,5377444444443;720,1394888888889
MedSPLAB;07/08/2023, 5:00:00;1959,2223055555555;127,34969722222223;1166,90955;657,8605388888889
MedSPLAB;07/08/2023, 6:00:00;2486,585475;344,0193527777778;1248,836063888889;886,4604277777778
MedSPLAB;07/08/2023, 7:00:00;4039,885455555556;1025,115386111111;1249,7541083333333;1754,1648277777776
MedSPLAB;07/08/2023, 8:00:00;8360,209155555556;3700,075116666667;2284,4652;2391,827933333333
MedSPLAB;07/08/2023, 9:00:00;11115,260616666666;2531,659538888889;3958,099491666667;4595,674116666667
MedSPLAB;07/08/2023, 10:00:00;9964,88362777778;2467,6114388888886;2389,570011111111;5070,298538888889
MedSPLAB;07/08/2023, 11:00:00;12415,909216666667;4597,487383333333;2313,1388;5490,772638888889
MedSPLAB;07/08/2023, 12:00:00;5254,003966666667;2043,2248388888888;1708,5427361111113;1508,8620666666666
MedSPLAB;07/08/2023, 13:00:00;5129,416172222222;1104,0342472222221;2593,056088888889;1427,7066
MedSPLAB;07/08/2023, 14:00:00;7479,079138888888;2608,972613888889;2867,4698194444445;2008,746775
MedSPLAB;07/08/2023, 15:00:00;8180,2753999999995;2147,3519694444444;2713,610488888889;3302,7418944444444
MedSPLAB;07/08/2023, 16:00:00;8871,229333333335;3056,6793000000002;2963,024375;2852,9690472222223
MedSPLAB;07/08/2023, 17:00:00;5465,976902777778;1376,0109861111112;1736,3070611111111;2339,752427777778
MedSPLAB;07/08/2023, 18:00:00;3283,254172222222;743,5137972222223;1584,9278277777778;951,9482694444445
MedSPLAB;07/08/2023, 19:00:00;3023,1952555555554;629,3871083333333;1572,1244833333333;819,1081416666667
MedSPLAB;07/08/2023, 20:00:00;2683,679322222222;485,17343888888894;1430,1033194444444;764,4662
MedSPLAB;07/08/2023, 21:00:00;2124,0450833333334;136,6190777777778;1223,287111111111;755,831075
MedSPLAB;07/08/2023, 22:00:00;2052,3447499999997;37,81128888888888;1227,2056333333335;777,4134277777778
MedSPLAB;07/08/2023, 23:00:00;2053,045913888889;111,30021111111111;1229,4510305555555;704,380813888889
MedSPLAB;08/08/2023, 0:00:00;2062,083903862184;70,26378994165046;1224,9510308419005;757,8190636287858
MedSPLAB;08/08/2023, 1:00:00;1970,8902666666665;36,972433333333335;1224,3931305555554;700,6318416666667
MedSPLAB;08/08/2023, 2:00:00;2083,1342638888887;148,98673055555554;1220,14985;706,5044694444445
MedSPLAB;08/08/2023, 3:00:00;1985,0583984265243;77,70845743186288;1222,6436836189941;677,1272998033155
MedSPLAB;08/08/2023, 4:00:00;1994,898241178105;59,880502917477074;1222,3143651014173;704,1233259238678
MedSPLAB;08/08/2023, 5:00:00;2011,5925;64,20088333333334;1219,7359833333333;718,8790666666667
MedSPLAB;08/08/2023, 6:00:00;2495,1818416666665;249,62092222222222;1376,9812888888891;860,2361305555556
MedSPLAB;08/08/2023, 7:00:00;4934,656916666666;1282,983527777778;1629,5700333333334;2011,7152611111112
MedSPLAB;08/08/2023, 8:00:00;8559,055022222223;1881,8954944444445;2805,8390361111115;3843,7133694444447
MedSPLAB;08/08/2023, 9:00:00;13400,729858333334;3570,094141666667;4342,857919444445;5461,067861111112
MedSPLAB;08/08/2023, 10:00:00;10620,90871388889;3904,924105555556;3427,9071361111114;3295,3434388888886
MedSPLAB;08/08/2023, 11:00:00;10525,997941666668;3825,2980583333333;3368,6178527777774;3337,6911888888894
MedSPLAB;08/08/2023, 12:00:00;5667,452108333333;1355,766613888889;2208,1059638888887;2093,7675388888892
MedSPLAB;08/08/2023, 13:00:00;4311,370530555556;934,6708333333333;2277,7647027777775;1097,08345
MedSPLAB;08/08/2023, 14:00:00;6726,959791666667;1746,0063194444444;2601,225;2370,467055555556
MedSPLAB;08/08/2023, 15:00:00;8353,948958333332;1673,5327194444444;3257,7505;3398,2022055555553
MedSPLAB;08/08/2023, 16:00:00;9731,179836111112;2262,0788166666666;3349,774225;4093,529961111111
MedSPLAB;08/08/2023, 17:00:00;5316,579811111111;522,4173861111111;1971,3697666666667;2791,4728277777776
MedSPLAB;08/08/2023, 18:00:00;3229,9671797721585;691,622792442345;1392,570152820228;1139,6067963323144
MedSPLAB;08/08/2023, 19:00:00;2701,195875;627,0569472222221;1374,1439083333335;699,515175
MedSPLAB;08/08/2023, 20:00:00;2607,7583944444445;532,7645777777777;1373,5141888888888;699,259675
MedSPLAB;08/08/2023, 21:00:00;2700,4647666666665;636,615;1369,766013888889;693,4606166666667
MedSPLAB;08/08/2023, 22:00:00;2140,0315472222223;290,83815833333335;1152,0721277777777;691,6533444444444
MedSPLAB;08/08/2023, 23:00:00;1746,6882944444446;43,26598055555556;993,77735;700,9189861111112
MedSPLAB;09/08/2023, 0:00:00;1779,7301055555556;151,56476111111112;993,4084527777777;628,8380833333333
MedSPLAB;09/08/2023, 1:00:00;1747,2160666666666;48,802633333333326;991,3762527777777;698,2404166666666
MedSPLAB;09/08/2023, 2:00:00;1672,351347222222;40,555105555555556;988,0952388888888;635,6045111111112
MedSPLAB;09/08/2023, 3:00:00;1788,1926102837876;168,48813711716775;988,7581343073898;624,8255184040461
MedSPLAB;09/08/2023, 4:00:00;1669,3837305555558;50,74298333333333;986,9931583333333;623,9488027777778
MedSPLAB;09/08/2023, 5:00:00;1690,4809222222223;63,377275;979,6728638888889;639,6977916666666
MedSPLAB;09/08/2023, 6:00:00;2159,917647222222;240,26490833333335;1083,9837305555557;828,1107055555556
MedSPLAB;09/08/2023, 7:00:00;3789,322963888889;462,14680833333335;1711,139327777778;1600,3745888888889
MedSPLAB;09/08/2023, 8:00:00;6600,824477777778;812,1234722222222;3369,8396861111114;2398,1622805555558
MedSPLAB;09/08/2023, 9:00:00;9671,266633333335;1770,8489972222224;3902,9560027777775;3967,6696555555554
MedSPLAB;09/08/2023, 10:00:00;7785,3405416666665;1481,2779194444445;3407,7884388888892;2877,237752777778
MedSPLAB;09/08/2023, 11:00:00;5166,881930555555;1110,8837694444446;2157,441802777778;1887,8050277777777
MedSPLAB;09/08/2023, 12:00:00;3355,4752931369826;721,1712447902195;1160,39786329536;1463,5977354820784
MedSPLAB;09/08/2023, 13:00:00;5270,174513888889;1589,3728027777777;1756,731963888889;1919,0848916666669
MedSPLAB;09/08/2023, 14:00:00;10771,476419444445;2196,1601833333334;4109,0779250000005;4435,476436111111
MedSPLAB;09/08/2023, 15:00:00;9237,756219444445;1508,5726361111113;2955,330627777778;4728,676644444445
MedSPLAB;09/08/2023, 16:00:00;8453,876144444444;1016,2793944444445;2599,5107999999996;4786,844372222222
MedSPLAB;09/08/2023, 17:00:00;5211,755147222222;429,4734166666666;1999,6309972222223;2750,749163888889
MedSPLAB;09/08/2023, 18:00:00;2288,918236111111;154,8569361111111;1321,4054722222222;803,9552527777778
MedSPLAB;09/08/2023, 19:00:00;2148,5408305555557;101,796125;1255,6701638888887;782,3376777777778
MedSPLAB;09/08/2023, 20:00:00;2034,726175;61,16614444444444;1255,1057027777779;709,7912583333334
MedSPLAB;09/08/2023, 21:00:00;2134,4206305555554;154,86308888888888;1252,9861166666667;719,0087472222223
MedSPLAB;09/08/2023, 22:00:00;2019,4236055555557;107,83755833333333;1255,1779055555555;649,0671055555556
MedSPLAB;09/08/2023, 23:00:00;1989,0324027777779;67,29876944444445;1259,0066638888889;655,0633027777778
MedSPLAB;10/08/2023, 0:00:00;2046,1375194444445;153,75769444444444;1250,899358333333;635,156575
MedSPLAB;10/08/2023, 1:00:00;1943,0020194444444;60,93147777777778;1249,5669083333335;625,0697861111111
MedSPLAB;10/08/2023, 2:00:00;1927,5656753752085;73,9512645914397;1243,8621789883268;602,7220177876598
MedSPLAB;10/08/2023, 3:00:00;1981,1064656381486;138,17107433380085;1237,424129032258;599,3921767180925
MedSPLAB;10/08/2023, 4:00:00;1920,1340138888886;103,4682611111111;1238,9155527777777;571,9631194444445
MedSPLAB;10/08/2023, 5:00:00;1898,1132499999999;82,49983888888889;1233,1117055555558;575,9467194444444
MedSPLAB;10/08/2023, 6:00:00;2376,5370472222226;259,71039722222224;1270,5334611111111;838,5091805555555
MedSPLAB;10/08/2023, 7:00:00;3381,424536111111;799,4863527777778;1195,1958277777778;1378,5858194444445
MedSPLAB;10/08/2023, 8:00:00;6249,90136111111;1108,5297555555555;2434,8677333333335;2684,4467027777773
MedSPLAB;10/08/2023, 9:00:00;6998,145736111111;1307,7762861111112;2842,650091666667;2827,437525
MedSPLAB;10/08/2023, 10:00:00;6627,846686111111;1313,3942166666666;1920,5614555555555;3365,148733333333
MedSPLAB;10/08/2023, 11:00:00;5925,352783333333;1640,8017055555554;1241,5824805555555;3022,2301416666664
MedSPLAB;10/08/2023, 12:00:00;4472,421866666667;1088,586475;1961,2868583333334;1417,7104972222223
MedSPLAB;10/08/2023, 13:00:00;8853,228277777778;3069,5423527777775;3633,367305555556;2161,8784194444443
MedSPLAB;10/08/2023, 14:00:00;9412,331502777777;3876,6655944444447;2965,7787000000003;2586,6906166666668
MedSPLAB;10/08/2023, 15:00:00;8701,754547222223;3779,376836111111;2156,060372222222;2779,3141694444444
MedSPLAB;10/08/2023, 16:00:00;10438,862766666667;4551,985561111111;2894,3062333333332;3011,6763805555556
MedSPLAB;10/08/2023, 17:00:00;6490,568288888889;2595,169194444444;1935,9355527777777;1966,5973027777777
MedSPLAB;10/08/2023, 18:00:00;3495,8211083333335;911,5841277777778;1515,693002777778;1066,5737972222223
MedSPLAB;10/08/2023, 19:00:00;3123,8082305555554;707,518525;1507,8475722222222;905,7413083333333
MedSPLAB;10/08/2023, 20:00:00;3184,888938888889;752,5831027777778;1515,7635194444445;914,2816277777779
MedSPLAB;10/08/2023, 21:00:00;3153,9034555555554;776,5650694444445;1515,407986111111;860,95035
MedSPLAB;10/08/2023, 22:00:00;2356,1835111111113;304,39354722222225;1294,0210305555556;751,634375
MedSPLAB;10/08/2023, 23:00:00;1863,0819749999998;126,59550833333333;1090,6566833333334;638,8370055555555
MedSPLAB;11/08/2023, 0:00:00;1818,0227166666668;91,68363888888888;1078,70555;640,2973888888888
MedSPLAB;11/08/2023, 1:00:00;1741,2484416666666;57,06650833333333;1077,6736194444445;599,1748722222222
MedSPLAB;11/08/2023, 2:00:00;1813,4932805555557;176,98715833333333;1074,3005722222222;557,160661111111
MedSPLAB;11/08/2023, 3:00:00;1773,0016746277045;86,45313009272267;1076,4891289688114;603,2461281258779
MedSPLAB;11/08/2023, 4:00:00;1733,0529000000001;79,76978055555554;1074,0523222222223;572,6259361111112
MedSPLAB;11/08/2023, 5:00:00;1760,578994165046;104,9274909697138;1063,98648235621;585,1408057793831
MedSPLAB;11/08/2023, 6:00:00;2114,9815944444445;219,51218333333333;1194,2816444444445;694,8256527777778
MedSPLAB;11/08/2023, 7:00:00;3034,656112809114;328,6833620450125;967,6742150597388;1719,1712086690748
MedSPLAB;11/08/2023, 8:00:00;4921,888191666667;1094,9377972222223;1434,5491972222221;2374,205358333333
MedSPLAB;11/08/2023, 9:00:00;9469,591211447623;3200,918916365657;1771,394192831342;4478,2180077799385
MedSPLAB;11/08/2023, 10:00:00;9415,498238888887;2824,2112944444443;1936,6739916666668;4628,748105555555
MedSPLAB;11/08/2023, 11:00:00;7248,03995;2658,4028111111115;1878,5960444444445;2709,6894555555555
MedSPLAB;11/08/2023, 12:00:00;4091,4624305555553;1075,4627416666667;1559,84155;1450,4557777777777
MedSPLAB;11/08/2023, 13:00:00;4167,0967972222215;681,9985583333333;2029,2981166666666;1445,236672222222
MedSPLAB;11/08/2023, 14:00:00;9066,605708333333;2076,111175;3455,3344944444443;3515,038886111111
MedSPLAB;11/08/2023, 15:00:00;7613,327080555555;1591,1455138888887;2854,1185194444442;3146,630202777778
MedSPLAB;11/08/2023, 16:00:00;6390,930625;1414,701738888889;2335,541763888889;2623,6555416666665
MedSPLAB;11/08/2023, 17:00:00;5427,157804335742;2138,7588021122847;1800,0186464702613;1497,1876514730407
MedSPLAB;11/08/2023, 18:00:00;3588,956302777778;991,5312833333334;1684,19195;914,1810222222223
MedSPLAB;11/08/2023, 19:00:00;3126,8600805555557;749,4352055555555;1635,7381138888888;741,8724055555556
MedSPLAB;11/08/2023, 20:00:00;3160,355611111111;734,3183055555555;1649,477625;776,270713888889
MedSPLAB;11/08/2023, 21:00:00;3185,3636166666665;828,1406833333333;1659,4935944444444;699,4920666666667
MedSPLAB;11/08/2023, 22:00:00;2659,0036055555556;431,1898138888889;1504,815772222222;719,5378305555555
MedSPLAB;11/08/2023, 23:00:00;2045,6595833333333;57,98251388888889;1232,5260805555556;745,7970388888889
MedSPLAB;12/08/2023, 0:00:00;2091,465422222222;161,73193333333333;1243,1195194444447;679,7329055555556
MedSPLAB;12/08/2023, 1:00:00;1974,8914388888888;98,69748055555556;1202,4717638888887;666,1637861111111
MedSPLAB;12/08/2023, 2:00:00;1937,7280027777776;56,87323611111111;1199,0758472222221;673,8676444444444
MedSPLAB;12/08/2023, 3:00:00;2017,5930196629215;156,00507865168538;1195,5380196629212;659,3436601123595
MedSPLAB;12/08/2023, 4:00:00;1897,0428777777777;59,841813888888886;1196,5995944444444;632,5920027777778
MedSPLAB;12/08/2023, 5:00:00;1930,4188305555556;73,42900833333333;1189,364963888889;659,7281166666666
MedSPLAB;12/08/2023, 6:00:00;2011,9850749999998;161,85910833333335;1172,5537722222223;670,5818388888889
MedSPLAB;12/08/2023, 7:00:00;1760,1276;80,92871944444445;924,6733861111111;745,478725
MedSPLAB;12/08/2023, 8:00:00;1905,107411111111;85,65214722222221;865,5080416666667;942,1175805555556
MedSPLAB;12/08/2023, 9:00:00;1944,6045333333334;113,11961666666666;871,0630111111111;949,0432500000001
MedSPLAB;12/08/2023, 10:00:00;1953,6139944444444;97,62681111111111;868,5107166666667;975,5016111111111
MedSPLAB;12/08/2023, 11:00:00;1980,374836111111;78,33541666666666;865,8386611111112;1023,7239972222222
MedSPLAB;12/08/2023, 12:00:00;2065,6938055555556;148,924025;862,270663888889;1041,960027777778
MedSPLAB;12/08/2023, 13:00:00;2019,5364083333334;128,225425;857,1547777777778;1021,6276361111112
MedSPLAB;12/08/2023, 14:00:00;1963,4092416666665;62,98529722222222;881,6675444444445;1005,8147305555555
MedSPLAB;12/08/2023, 15:00:00;2026,8874916666666;101,706;925,1790555555556;987,8139944444445
MedSPLAB;12/08/2023, 16:00:00;2074,3590555555556;132,16144722222222;1005,2782888888888;925,7410861111111
MedSPLAB;12/08/2023, 17:00:00;2199,7403583333335;101,50813055555557;1175,3842805555555;912,2851277777778
MedSPLAB;12/08/2023, 18:00:00;2181,136988888889;104,99789722222222;1210,2491805555555;856,1253472222222
MedSPLAB;12/08/2023, 19:00:00;2146,4446222222223;127,06419444444444;1205,4027722222224;804,8156277777779
MedSPLAB;12/08/2023, 20:00:00;2072,9140527777777;62,39065;1204,8556416666668;795,8517555555555
MedSPLAB;12/08/2023, 21:00:00;2027,5551542095027;81,39972214504029;1204,9744234509587;732,4668130036122
MedSPLAB;12/08/2023, 22:00:00;2086,5376944444442;137,61814999999999;1205,0873333333332;735,1706944444444
MedSPLAB;12/08/2023, 23:00:00;2068,350013888889;127,29391388888888;1205,7004305555556;727,2241083333333
MedSPLAB;13/08/2023, 0:00:00;1979,104494163424;57,81212618121178;1199,5881600889384;712,9517537520845
MedSPLAB;13/08/2023, 1:00:00;2018,1839805555555;140,1163138888889;1201,9804888888889;668,8325694444444
MedSPLAB;13/08/2023, 2:00:00;1933,189113888889;78,87985833333333;1196,1178166666668;650,6068
MedSPLAB;13/08/2023, 3:00:00;1929,528770353734;57,39236103312746;1197,345199326221;666,6349073554184
MedSPLAB;13/08/2023, 4:00:00;2039,731513888889;177,94723333333334;1197,8084666666668;657,5774861111112
MedSPLAB;13/08/2023, 5:00:00;1909,8353626007226;81,32783828841345;1186,0454181717143;634,9978883023061
MedSPLAB;13/08/2023, 6:00:00;1809,7885111111111;61,21321388888889;1038,7811333333334;700,7892166666666
MedSPLAB;13/08/2023, 7:00:00;1884,6750111111112;139,26404166666666;863,7125;871,7238305555555
MedSPLAB;13/08/2023, 8:00:00;1804,7559416666668;85,11931666666666;865,6773611111112;843,6655055555557
MedSPLAB;13/08/2023, 9:00:00;1872,67495;87,01740555555556;864,286613888889;910,4101527777777
MedSPLAB;13/08/2023, 10:00:00;1949,711591666667;148,36413333333334;865,4874333333335;925,2630444444444
MedSPLAB;13/08/2023, 11:00:00;1990,1885722222223;102,73240833333332;861,3890333333334;1013,4984777777778
MedSPLAB;13/08/2023, 12:00:00;2038,6281638888888;88,38569722222222;860,2952333333333;1076,2848694444444
MedSPLAB;13/08/2023, 13:00:00;2073,069633333333;96,93005555555554;859,6769777777778;1102,9004972222222
MedSPLAB;13/08/2023, 14:00:00;2083,1497444444444;143,40538055555555;860,3947333333333;1066,5436111111112
MedSPLAB;13/08/2023, 15:00:00;2040,1405916666665;77,64878888888889;985,0882944444444;965,02605
MedSPLAB;13/08/2023, 16:00:00;2149,0129805555557;115,83541944444444;1029,4213333333332;992,1028777777777
MedSPLAB;13/08/2023, 17:00:00;2188,8972222222224;149,7514138888889;1178,1371527777778;851,5529722222223
MedSPLAB;13/08/2023, 18:00:00;2152,6263361111114;58,229819444444445;1216,2931861111113;867,09325
MedSPLAB;13/08/2023, 19:00:00;2093,9426555555556;88,06870555555555;1207,1133166666666;789,2959472222223
MedSPLAB;13/08/2023, 20:00:00;2149,108645717464;136,46401557285873;1205,5638570634037;798,1912597330368
MedSPLAB;13/08/2023, 21:00:00;2053,937302777778;121,77190555555555;1200,7466611111113;723,2197194444445
MedSPLAB;13/08/2023, 22:00:00;1998,49425;59,36294166666667;1200,2556916666667;729,854788888889
MedSPLAB;13/08/2023, 23:00:00;2083,3303472222224;140,47718055555555;1204,8482999999999;730,7539555555555
MedSPLAB;14/08/2023, 0:00:00;2024,0228376876041;80,73044747081713;1201,4398721511952;733,1200694830461
MedSPLAB;14/08/2023, 1:00:00;1938,5414833333332;56,99882222222222;1193,5408;679,2254611111111
MedSPLAB;14/08/2023, 2:00:00;2015,7768250000001;162,84771666666668;1192,2620194444444;654,2009222222223
MedSPLAB;14/08/2023, 3:00:00;1955,1946543001686;92,51861157953905;1193,9489432265318;661,2775688589095
MedSPLAB;14/08/2023, 4:00:00;1899,2487583333334;56,4927;1194,2999666666667;640,5391361111111
MedSPLAB;14/08/2023, 5:00:00;1976,967788888889;138,04257777777778;1187,3917305555556;644,8058694444444
MedSPLAB;14/08/2023, 6:00:00;2288,7490722222224;214,30858055555555;1277,4580083333333;789,2497166666667
MedSPLAB;14/08/2023, 7:00:00;3733,577408333333;617,6730972222222;1475,9908222222223;1625,9227444444443
MedSPLAB;14/08/2023, 8:00:00;7681,686511111111;2660,3445888888887;3041,495611111111;1988,4201666666665
MedSPLAB;14/08/2023, 9:00:00;8460,3336;2466,1315361111115;3368,5814250000003;2622,7061750000003
MedSPLAB;14/08/2023, 10:00:00;11327,876738888888;2475,6770277777778;4663,379116666667;4165,604972222222
MedSPLAB;14/08/2023, 11:00:00;8806,38756388889;3282,4532444444444;2117,9411583333335;3402,3263111111114
MedSPLAB;14/08/2023, 12:00:00;4686,936113888889;707,3768888888889;2440,3979611111113;1528,0647888888889
MedSPLAB;14/08/2023, 13:00:00;5551,824247222222;1698,4262694444444;2037,7681388888889;1813,6279472222222
MedSPLAB;14/08/2023, 14:00:00;8255,686802777778;2736,3216250000005;2046,3276333333336;3461,936922222222
MedSPLAB;14/08/2023, 15:00:00;8445,5709;2303,5145944444444;2644,294986111111;3480,9104583333333
MedSPLAB;14/08/2023, 16:00:00;7307,954763888889;1708,5238583333332;3037,276711111111;2550,605908333333
MedSPLAB;14/08/2023, 17:00:00;6505,680355555556;709,7063222222222;3166,3281611111115;2603,984425
MedSPLAB;14/08/2023, 18:00:00;4238,706505555556;456,4659472222222;1764,528025;1996,0657194444443
MedSPLAB;14/08/2023, 19:00:00;3212,543458333333;459,92953611111113;1662,4176055555556;1081,849575
MedSPLAB;14/08/2023, 20:00:00;2881,670616666667;395,39511666666664;1671,242636111111;809,5344083333333
MedSPLAB;14/08/2023, 21:00:00;2783,205811111111;327,455625;1672,6512333333335;777,1479694444445
MedSPLAB;14/08/2023, 22:00:00;2381,3708972222225;158,39687777777777;1448,9219027777776;766,0004833333334
MedSPLAB;14/08/2023, 23:00:00;2045,8604972222222;68,49640555555555;1188,19545;779,6480416666667
MedSPLAB;15/08/2023, 0:00:00;2132,3076527777775;185,38926666666666;1185,8527055555555;753,114636111111
MedSPLAB;15/08/2023, 1:00:00;1984,7730916666667;73,21668055555556;1186,3173722222223;716,7902777777778
MedSPLAB;15/08/2023, 2:00:00;2025,1527444444444;81,8796888888889;1178,814238888889;755,3849222222221
MedSPLAB;15/08/2023, 3:00:00;2061,1098453318336;123,25375984251968;1172,5984420697414;756,7396878515186
MedSPLAB;15/08/2023, 4:00:00;1950,9048111111113;70,62029166666666;1173,1000222222222;698,2981638888889
MedSPLAB;15/08/2023, 5:00:00;1951,0790833333333;80,25939722222223;1164,5797166666666;698,2631416666667
MedSPLAB;15/08/2023, 6:00:00;2455,1236833333332;269,51051666666666;1208,8543861111111;967,1527138888889
MedSPLAB;15/08/2023, 7:00:00;4281,655041666667;482,71229444444447;2011,3241583333333;1770,1782916666668
MedSPLAB;15/08/2023, 8:00:00;6794,803224085366;1234,916692073171;2404,2632469512196;3129,1819740853657
MedSPLAB;15/08/2023, 9:00:00;10073,584952777777;3709,1422166666666;2685,9077444444442;3677,4056444444445
MedSPLAB;15/08/2023, 10:00:00;12059,042325000002;4060,105713888889;3412,341969444444;4577,604391666667
MedSPLAB;15/08/2023, 11:00:00;10053,520433333333;3822,8441305555557;2757,603869444444;3476,502994444445
MedSPLAB;15/08/2023, 12:00:00;7026,428674999999;2671,752336111111;2408,6839472222223;1954,7497694444444
MedSPLAB;15/08/2023, 13:00:00;8129,699202777778;1859,936536111111;4248,280225;2019,3459305555555
MedSPLAB;15/08/2023, 14:00:00;10043,168522222222;2847,499269444444;3547,2954333333337;3635,9722861111113
MedSPLAB;15/08/2023, 15:00:00;10880,994841666667;1995,767813888889;3965,4256527777775;4878,897838888888
MedSPLAB;15/08/2023, 16:00:00;9807,632838888889;1944,3212444444446;3701,6872111111115;4132,635444444444
MedSPLAB;15/08/2023, 17:00:00;7158,810180555555;1142,741622222222;2594,920997222222;3390,4365583333333
MedSPLAB;15/08/2023, 18:00:00;3697,608391666667;640,3753499999999;1828,8950444444445;1220,2239027777778
MedSPLAB;15/08/2023, 19:00:00;3304,9329730480686;627,4765601555988;1765,7060155598779;908,0153459294248
MedSPLAB;15/08/2023, 20:00:00;3086,6045472222227;457,9342027777777;1757,195625;865,9445333333333
MedSPLAB;15/08/2023, 21:00:00;3081,2511944444445;485,24985;1751,2176666666667;840,6613277777777
MedSPLAB;15/08/2023, 22:00:00;2795,466637020567;368,14740689271815;1552,6759005002782;867,97629516398
MedSPLAB;15/08/2023, 23:00:00;2112,0122833333335;63,30599166666667;1193,941825;844,5379527777777
MedSPLAB;16/08/2023, 0:00:00;2061,7718666666665;85,23256944444445;1174,0905500000001;792,8345666666667
MedSPLAB;16/08/2023, 1:00:00;2079,3225666666667;128,97669444444443;1168,225186111111;772,9398694444444
MedSPLAB;16/08/2023, 2:00:00;2111,5818916666667;121,8337611111111;1164,5075555555557;815,9977694444443
MedSPLAB;16/08/2023, 3:00:00;2058,844456582633;84,94673109243698;1171,120112044818;793,2210588235295
MedSPLAB;16/08/2023, 4:00:00;2037,0698444444442;111,53155555555557;1170,7432999999999;746,1116833333333
MedSPLAB;16/08/2023, 5:00:00;2035,3313305555555;92,66921666666667;1173,0085777777776;761,0945222222222
MedSPLAB;16/08/2023, 6:00:00;2491,9240916666668;214,07183333333333;1297,3187916666668;970,2541055555555
MedSPLAB;16/08/2023, 7:00:00;4598,526086111111;1126,4147611111111;1811,5478055555554;1653,1740666666665
MedSPLAB;16/08/2023, 8:00:00;8339,889230555555;2023,1787472222222;2851,353011111111;3444,801411111111
MedSPLAB;16/08/2023, 9:00:00;9801,277547222222;2271,9059583333333;3875,5033972222222;3635,317766666667
MedSPLAB;16/08/2023, 10:00:00;10818,728036111112;3326,582386111111;4196,458566666666;3295,1938611111113
MedSPLAB;16/08/2023, 11:00:00;10127,933991666667;3230,6511194444442;2979,521377777778;3907,1115111111108
MedSPLAB;16/08/2023, 12:00:00;5724,994294444445;1027,2031166666668;2279,252288888889;2399,5674555555556
MedSPLAB;16/08/2023, 13:00:00;5737,443415786548;1108,326236798221;2788,90165647582;1830,7883907726514
MedSPLAB;16/08/2023, 14:00:00;9847,660141666669;2838,2206166666665;3834,4527527777777;3169,8247527777776
MedSPLAB;16/08/2023, 15:00:00;10830,246625;3064,9654916666664;3479,3306055555554;4268,28615
MedSPLAB;16/08/2023, 16:00:00;7065,451677777777;1853,5426472222223;2014,8309277777778;3178,0502472222224
MedSPLAB;16/08/2023, 17:00:00;3993,817183333333;1003,134525;1789,857061111111;1197,7378166666665
MedSPLAB;16/08/2023, 18:00:00;3206,2259916666667;806,4455388888889;1486,2965000000002;912,1798777777778
MedSPLAB;16/08/2023, 19:00:00;3051,2851625451517;720,7616476799111;1495,3764017782717;833,6700388996943
MedSPLAB;16/08/2023, 20:00:00;3264,264002777778;726,3118805555556;1524,1020083333335;1009,8747472222221
MedSPLAB;16/08/2023, 21:00:00;3091,5855972222225;701,5121472222222;1565,164711111111;823,1896722222223
MedSPLAB;16/08/2023, 22:00:00;2420,88895;307,99048055555556;1294,5877305555555;811,5479722222223
MedSPLAB;16/08/2023, 23:00:00;2049,307763888889;159,8902888888889;1042,73945;837,5220305555556
MedSPLAB;17/08/2023, 0:00:00;1994,914111111111;110,11706111111111;1041,189613888889;833,8268111111112
MedSPLAB;17/08/2023, 1:00:00;1883,625847222222;58,2857;1034,916961111111;780,7012138888889
MedSPLAB;17/08/2023, 2:00:00;1957,584647222222;143,06776666666667;1034,4435444444443;771,5765694444444
MedSPLAB;17/08/2023, 3:00:00;1891,5238835770529;74,2748340832396;1036,0517547806523;771,7837514060742
MedSPLAB;17/08/2023, 4:00:00;1926,0533222222223;76,69029166666667;1035,1408777777779;804,3446361111111
MedSPLAB;17/08/2023, 5:00:00;1898,441825;111,70983888888888;1029,9815166666667;748,1778194444444
MedSPLAB;17/08/2023, 6:00:00;2472,658594444445;270,59069444444447;1218,3396583333333;974,2313027777777
MedSPLAB;17/08/2023, 7:00:00;3974,7714472222224;207,46279166666667;1868,5356694444445;1876,0445972222221
MedSPLAB;17/08/2023, 8:00:00;4805,670411111111;424,6570777777778;1690,3075527777776;2659,8381222222224
MedSPLAB;17/08/2023, 9:00:00;7886,451253125868;637,5352236732426;2118,07724090025;5069,998988607947
MedSPLAB;17/08/2023, 10:00:00;8659,967847222222;1650,690122222222;2161,1504916666668;4804,150113888889
MedSPLAB;17/08/2023, 11:00:00;9484,638797222222;2792,0246055555554;2763,05975;3913,214358333333
MedSPLAB;17/08/2023, 12:00:00;5513,414613888889;2273,9237083333333;1413,1761833333333;1831,5239305555556
MedSPLAB;17/08/2023, 13:00:00;6624,338638888889;2385,035286111111;2333,809463888889;1911,6496555555555
MedSPLAB;17/08/2023, 14:00:00;9141,75338611111;2664,8230666666664;3466,266908333333;3005,159644444444
MedSPLAB;17/08/2023, 15:00:00;9695,59171111111;2255,9899305555555;3153,1960833333333;4258,214483333333
MedSPLAB;17/08/2023, 16:00:00;8240,629125000001;2182,4769;3049,98195;2995,9779166666667
MedSPLAB;17/08/2023, 17:00:00;6386,521730555556;1227,3910055555557;2724,7453527777775;2417,8792555555556
MedSPLAB;17/08/2023, 18:00:00;3594,5580027777773;713,5293666666668;1761,080425;1114,2350611111112
MedSPLAB;17/08/2023, 19:00:00;3338,069863888889;627,0500555555556;1685,0082805555555;1020,5313194444444
MedSPLAB;17/08/2023, 20:00:00;3131,203406501806;572,2185884968046;1586,7120533481523;966,3545762711865
MedSPLAB;17/08/2023, 21:00:00;2968,5449541539315;640,2591136426785;1499,6181911642122;826,1241344818004
MedSPLAB;17/08/2023, 22:00:00;2245,026711111111;225,03002777777778;1260,6830444444445;752,0026888888889
MedSPLAB;17/08/2023, 23:00:00;1943,6130944444444;65,22458055555555;1109,9157416666667;759,6127833333334
MedSPLAB;18/08/2023, 0:00:00;2045,366496248958;210,1772214504029;1093,1346540705752;734,961903306474
MedSPLAB;18/08/2023, 1:00:00;1922,2281194444445;70,61554722222222;1089,1612916666666;753,6294222222222
MedSPLAB;18/08/2023, 2:00:00;1900,4667388888888;65,78230277777779;1090,6091166666668;734,6827333333333
MedSPLAB;18/08/2023, 3:00:00;1980,2696357523116;142,8761978145139;1086,413961894088;742,2630372653405
MedSPLAB;18/08/2023, 4:00:00;1928,0712031119756;83,27686857460407;1083,3807279799946;752,4255765490414
MedSPLAB;18/08/2023, 5:00:00;1889,864561111111;125,38632222222222;1080,0971777777777;676,9875666666667
MedSPLAB;18/08/2023, 6:00:00;2375,7688055555554;262,0920222222222;1195,0715611111111;909,6774416666667
MedSPLAB;18/08/2023, 7:00:00;3040,012563888889;296,5680472222222;1374,782438888889;1354,4354638888888
MedSPLAB;18/08/2023, 8:00:00;4030,227425;725,36265;1383,944313888889;1905,0578611111112
MedSPLAB;18/08/2023, 9:00:00;6901,778397222222;1328,54165;2320,1115277777776;3226,217577777778
MedSPLAB;18/08/2023, 10:00:00;7461,775536111111;1531,736236111111;3443,7615055555557;2472,6807027777777
MedSPLAB;18/08/2023, 11:00:00;7391,074030555555;1637,3945888888888;2830,517872222222;2905,2964055555553
MedSPLAB;18/08/2023, 12:00:00;3721,529922222222;694,8053055555556;1293,1042277777776;1719,800236111111
MedSPLAB;18/08/2023, 13:00:00;4588,642588888889;640,5851361111112;1769,6855666666668;2157,5039416666664
MedSPLAB;18/08/2023, 14:00:00;5358,285291666666;367,66770833333334;3107,4184166666664;1862,765625
